compute_delay_ms_ci95,compute_delay_ms_mean,compute_delay_ms_std,epoch,is_warmup,kl_sum_ci95,kl_sum_mean,kl_sum_std,max_bandwidth_share_ci95,max_bandwidth_share_mean,max_bandwidth_share_std,mean_l1_ci95,mean_l1_mean,mean_l1_std,mean_l2_ci95,mean_l2_mean,mean_l2_std,min_bandwidth_share_ci95,min_bandwidth_share_mean,min_bandwidth_share_std,reward_ci95,reward_mean,reward_std,seed_count,smashed_data_bytes_total_ci95,smashed_data_bytes_total_mean,smashed_data_bytes_total_std,test_accuracy_ci95,test_accuracy_mean,test_accuracy_std,total_delay_ms_ci95,total_delay_ms_mean,total_delay_ms_std,train_accuracy_ci95,train_accuracy_mean,train_accuracy_std,train_loss_ci95,train_loss_mean,train_loss_std,tx_delay_ms_ci95,tx_delay_ms_mean,tx_delay_ms_std
32.39209342734546,405.01342215187225,28.624873254938887,1,True,0.06056400704411604,1.2769364296862056,0.05352037617875936,0.0,0.10000000000000002,0.0,0.500888888888889,2.1222222222222222,0.4426352063787132,0.5008888888888884,3.1222222222222222,0.4426352063787127,0.0,0.10000000000000002,0.0,0.05330639263117668,-1.0218710989825812,0.047106826737455726,3,1290206.8171412516,5197368.888888889,1140154.9793675386,,,,126.21539037771505,766.8057682789569,111.53646368946043,0.004250068082243356,0.019270833333333334,0.003755782578608324,0.011082026379635054,4.629438612196181,0.009793179969564539,127.00200007244932,374.4377757362802,112.23159019813697
37.6325531220422,393.26140000614237,33.255864298934625,2,True,0.06264608099424258,1.267036130124331,0.055360303661787326,0.0,0.10000000000000002,0.0,0.36635892809856696,1.988888888888889,0.3237511618740771,0.366358928098567,2.988888888888889,0.32375116187407715,0.0,0.10000000000000002,0.0,0.03140079615581962,-0.9608429832934836,0.02774886445918014,3,1423714.0275269654,5789013.333333333,1258135.2199618465,,,,21.88503388948184,654.6498364626365,19.339791133647584,0.0032460431159326624,0.030034722222222227,0.0028685263267115117,0.025358081457216363,4.4558753377861455,0.022408921156310702,12.401514641377789,264.59542969795467,10.959210943712069
29.67270567344,398.6410111344109,26.221751951242528,3,True,0.07584065079091504,1.3115952533692667,0.06702033696375183,0.0,0.10000000000000002,0.0,0.5444444444444445,2.0444444444444443,0.4811252243246881,0.5444444444444443,3.0444444444444447,0.48112522432468796,0.0,0.10000000000000002,0.0,0.04498842711927452,-1.0078890254059263,0.03975624567509847,3,1441390.3264212816,5275648.0,1273755.7545407899,,,,56.584297003981064,704.182797442586,50.003508837480915,0.0014832364460659244,0.022222222222222223,0.0013107351450122836,0.004631096059035801,4.440546858310699,0.004092496769888778,56.745910634824455,319.42422235254554,50.1463267047342
47.66298961597238,392.18935557356514,42.11975492627141,4,True,0.135798081852555,1.2923983366147649,0.12000468231582777,0.0,0.10000000000000002,0.0,0.5321091505961427,2.3000000000000003,0.47022453265552977,0.5321091505961424,3.3000000000000003,0.47022453265552944,0.0,0.10000000000000002,0.0,0.05650509723621046,-1.0002026320034116,0.049933520050885846,3,1139036.498189894,5064476.444444444,1006565.8604797102,,,,97.42994209465816,708.0069273920584,86.09878055430694,0.007707122652672222,0.02291666666666667,0.006810779599282301,0.020014464951040544,4.456036386887233,0.017686770500769777,142.9965009248607,328.5683307986681,126.36592087062688
51.63180249907614,396.50886663002893,45.62699245651102,5,True,0.06479988780314058,1.2584260599824715,0.05726362142847056,0.0,0.10000000000000002,0.0,0.3815774924128118,2.211111111111111,0.33719979789985605,0.3815774924128118,3.211111111111111,0.33719979789985605,0.0,0.10000000000000002,0.0,0.0490846777345786,-0.9672199194249376,0.04337609985175253,3,1313471.870447035,4447345.777777778,1160714.2928197912,,,,69.06716312909262,676.0137788674037,61.03461003787564,0.004125648798584197,0.02760416666666667,0.0036458333333333304,0.041314114280105264,4.443836136658987,0.036509257654514904,35.80990739294621,310.4124478232331,31.645193376999583
86.09498222975905,411.4361333453821,76.08208341769506,6,False,0.23865680677932277,1.3359130773545083,0.21090087495608953,0.0,0.10000000000000002,0.0,0.5185672569686599,1.8666666666666665,0.4582575694955841,0.5185672569686599,2.866666666666667,0.45825756949558416,0.0,0.10000000000000002,0.0,0.19591573731534354,-1.0240063109995383,0.1731306178737208,3,2476619.208775607,5514126.222222222,2188586.88806142,,,,153.2088426670318,712.099544644568,135.39056105516607,0.0003402777777777766,0.02777777777777778,0.00030070326520292905,0.029705271686274803,4.437745079067018,0.02625053051697203,47.648056005292766,328.84322731177036,42.1065581035992
46.28026740448184,391.7993000165249,40.89784414920222,7,False,0.074613809546974,1.2914629568740894,0.06593617810287078,0.0,0.10000000000000002,0.0,0.556080107915895,2.211111111111111,0.4914076530554665,0.5560801079158949,3.2111111111111117,0.4914076530554664,0.0,0.10000000000000002,0.0,0.1269179384500749,-1.0566095607804453,0.11215730499358637,3,2273362.5648950804,5554176.0,2008969.1155221318,,,,276.3265119452699,821.7561646868012,244.18957049362027,0.003743055555555556,0.03315972222222222,0.003307735917232231,0.021345609930337843,4.3808632089032065,0.018863102509128524,288.4996538433886,439.94882634906776,254.94696858305244
51.2353645016051,412.7891333450356,45.27666043933209,8,False,0.04914704367860742,1.2992440914947945,0.0434312125985484,0.0,0.10000000000000002,0.0,0.5920191855416366,2.0444444444444443,0.5231669940886023,0.5920191855416364,3.0444444444444443,0.5231669940886021,0.0,0.10000000000000002,0.0,0.02441187868259787,-0.9945268503457738,0.021572762340034232,3,1338673.5205377182,5135473.777777778,1182984.9756726667,,,,4.569573506281095,689.8096091967532,4.0381293274487335,0.002657654403607128,0.03767361111111111,0.0023485675795952596,0.021821328479458495,4.3627305063936435,0.01928349470156726,61.11952850088939,288.3545475585406,54.011290152140035
79.31136319626965,373.2080555249316,70.0874034048405,9,False,0.1513396653822319,1.2673669910125611,0.1337387702257645,0.0,0.10000000000000002,0.0,0.816884415415148,2.2333333333333334,0.7218802609235905,0.8168844154151479,3.233333333333333,0.7218802609235904,0.0,0.10000000000000002,0.0,0.09209008593046297,-0.9584011878693257,0.08137995291068657,3,1659697.7795056142,5539612.444444445,1466673.918016822,,,,50.77813907199104,649.4353847260901,44.87261060535043,0.003924274771797701,0.04357638888888888,0.003467879228374683,0.0320322390456767,4.3134959916273745,0.02830687015678758,48.99346283137065,305.72285143874825,43.295493297281276
66.55439768892444,375.7295777387399,58.81408074712336,10,False,0.27861802510416633,1.3304748975558045,0.24621457927801887,0.0,0.10000000000000002,0.0,0.8057777777777779,2.011111111111111,0.7120653320005386,0.8057777777777778,3.011111111111111,0.7120653320005385,0.0,0.10000000000000002,0.0,0.17412436508274867,-1.0034523529637889,0.15387359548928206,3,1312870.7834952166,5155498.666666667,1160183.1126461604,0.0022248546690988857,0.009895833333333333,0.0019661027175184244,97.26440716961942,676.429808371773,85.95249744175888,0.008045249034157053,0.045138888888888895,0.007109581676890028,0.023438264503505366,4.314811254209943,0.020712380082300724,59.02741609429912,304.128922530788,52.16249169124231
70.27968933570007,373.83506666325655,62.10611870897404,11,False,0.09660809889469213,1.2364111333189658,0.08537251821849258,0.0,0.10000000000000002,0.0,0.43501077040732045,2.1666666666666665,0.3844187531556933,0.43501077040732,3.1666666666666665,0.3844187531556929,0.0,0.10000000000000002,0.0,0.08887895949411591,-0.9556270358404056,0.07854228243248214,3,1599964.6229961524,5574200.888888889,1413887.7639500613,,,,93.29308739692087,674.8429383618453,82.4430445747095,0.004678046021934088,0.017187499999999998,0.004133986423538424,0.007275666153372429,4.556815358002981,0.006429501753341971,35.21666668128093,302.2016272377228,31.12094692101867
22.142065225548677,375.02076668897644,19.566929568956294,12,False,0.07290120231899451,1.2732455458818814,0.06442274813742681,0.0,0.10000000000000002,0.0,0.7275212100764558,2.0666666666666664,0.6429100507328632,0.7275212100764558,3.0666666666666664,0.6429100507328632,0.0,0.10000000000000002,0.0,0.024963538658224895,-0.932091477339215,0.02206026392487516,3,2582674.7707627267,4975274.666666666,2282308.1236670134,,,,56.49977330897665,590.9374087965485,49.92881529962831,0.004011815833368251,0.029513888888888895,0.0035452392112260652,0.016982496328511537,4.4235480209191635,0.015007421673639745,89.32133094490327,233.96402002543422,78.93320581441156
69.21159210943316,406.6787666589435,61.16224183993441,13,False,0.0421949605448084,1.2793626421010822,0.03728766096274097,0.0,0.10000000000000002,0.0,0.26404152310938883,1.9000000000000001,0.2333333333333333,0.26404152310938894,2.9,0.23333333333333342,0.0,0.10000000000000002,0.0,0.013696908933890873,-1.0167228401008632,0.012103950091909723,3,2393447.101345166,5455872.0,2115087.7473256546,,,,42.24419262525582,754.0830381006448,37.331167322280386,0.004907555902714876,0.021006944444444443,0.004336804165554445,0.02082543038925187,4.417878319157494,0.018403420165139354,76.57707744603347,363.25391587633936,67.67111675085037
70.80867134359627,409.6283777422893,62.57357978752813,14,False,0.21322563857089774,1.325695205742466,0.18842736708220048,0.0,0.10000000000000002,0.0,0.26404152310938883,2.066666666666667,0.23333333333333334,0.26404152310938894,3.066666666666667,0.23333333333333342,0.0,0.10000000000000002,0.0,0.13899948015306207,-1.0055042008773982,0.1228337560463088,3,1661959.11106552,5526869.333333333,1468672.2553405548,,,,64.88934614418963,685.3131960123304,57.34267571003065,0.009399307479579492,0.025694444444444447,0.00830616230132339,0.015301514715181054,4.4105808218320215,0.013521939244620614,46.65922455125214,297.53257485918397,41.232728349251964
48.56340876586526,373.8803999601967,42.91545478123185,15,False,0.07271327072879302,1.2480408647187309,0.06425667310550019,0.0,0.10000000000000002,0.0,0.4573333333333331,1.8666666666666665,0.40414518843273783,0.4573333333333333,2.8666666666666667,0.404145188432738,0.0,0.10000000000000002,0.0,0.029197705214214716,-0.9451426646049806,0.02580199433440746,3,2120878.396305108,5867292.444444444,1874218.9485079832,,,,17.334872864919237,642.2444644912302,15.318816604483256,0.0068310287159329955,0.028819444444444443,0.0060365759203867015,0.03365605746927728,4.4207346710893844,0.02974183750981952,77.49203383300144,277.8886599324962,68.47966315336986
37.68218808906546,386.3743777037598,33.299726689096,16,False,0.055276946210984,1.2764631826220771,0.0488482037370797,0.0,0.10000000000000002,0.0,0.021777777777777847,2.4444444444444446,0.019245008972987587,0.0217777777777777,3.4444444444444446,0.01924500897298746,0.0,0.10000000000000002,0.0,0.016452960464841924,-0.9639174465877721,0.014539471153075646,3,1432663.8629268825,5710734.222222221,1266044.1840598234,,,,38.42562773735471,651.3717105534671,33.95670385399299,0.009472932422870523,0.03194444444444444,0.008371224618917494,0.018844759793719572,4.3871373441484245,0.01665310276487423,59.047138853252356,293.65005009616874,52.17992068133029
84.40481899716934,412.5617110985331,74.58848719732248,17,False,0.3547762218755625,1.4187825802979204,0.31351553143153227,0.0,0.10000000000000002,0.0,0.4562951178435962,2.3555555555555556,0.4032277180360902,0.45629511784359583,3.3555555555555556,0.40322771803608987,0.0,0.10000000000000002,0.0,0.1968534818314579,-1.0376876417442074,0.17395930213210303,3,1945305.6943581563,4875150.222222223,1719065.458612949,,,,39.16542662543947,656.592703190494,34.61046368131227,0.00494282023104419,0.034548611111111106,0.004367967231044834,0.016363207615525493,4.36215222477913,0.014460156614738843,35.739257608928106,264.1700265225181,31.58276020584493
81.50608640253766,405.82558885216713,72.02687896698676,18,False,0.36334867134009413,1.4009240560943497,0.3210909998080044,0.0,0.10000000000000002,0.0,0.3926044722171899,2.788888888888889,0.3469443332443554,0.3926044722171903,3.788888888888889,0.34694433324435575,0.0,0.10000000000000002,0.0,0.2293091710462478,-1.0056660915094753,0.20264037494571596,3,1325542.01945974,3966748.4444444445,1171380.6761590424,,,,104.08964779161636,610.408126924601,91.98395842705567,0.007031492622700134,0.03940972222222222,0.006213725752837944,0.010948751144741994,4.3266571627722845,0.009675404725571959,39.95994500989204,239.5664071722584,35.31257909428134
57.40051502221295,350.09092214750126,50.72480020361909,19,False,0.06902338350928995,1.1989844050920075,0.06099592201449081,0.0,0.10000000000000002,0.0,0.2649381013196559,2.611111111111111,0.23412563895228314,0.2649381013196559,3.611111111111111,0.23412563895228314,0.0,0.10000000000000002,0.0,0.12829551847774084,-0.9786657059703053,0.11337467162593817,3,1392293.1690459915,4727694.222222222,1230368.6264381332,,,,209.95466228842366,758.347006848603,185.53680733138526,0.001361111111111111,0.03923611111111111,0.00120281306081172,0.019771434095946377,4.319200696547826,0.017472004281978957,182.02323409807653,429.40914706973354,160.85382123258788
30.79511738258941,377.5732111535035,27.213626495761407,20,False,0.08627873462047007,1.2509012906878534,0.07624446529357451,0.0,0.10000000000000002,0.0,0.19356512286598382,2.5555555555555554,0.17105338131489603,0.19356512286598382,3.5555555555555554,0.17105338131489603,0.0,0.10000000000000002,0.0,0.0910901709758918,-0.9627566790653995,0.0804963286736635,3,770728.1378733045,4472832.0,681091.9865405684,0.0023390230109670445,0.017187499999999998,0.0020669932117692125,97.52342024523081,674.6120674429457,86.18138713909747,0.0070807218769969125,0.04652777777777778,0.006257229614909755,0.04038962199442928,4.285269964403576,0.03569228438410863,56.71338936663055,306.2279145758835,50.117587679816644
14.769828510972225,348.3306443861996,13.05208846943024,21,False,0.06843392797789738,1.1950534762852278,0.06047502052001404,0.0,0.10000000000000002,0.0,0.3715010592677189,2.533333333333333,0.32829526005987036,0.3715010592677189,3.533333333333333,0.32829526005987036,0.0,0.10000000000000002,0.0,0.010896220685093777,-0.9356038121708768,0.00962898359033948,3,840763.5475262236,5313877.333333333,742982.2354424845,,,,71.27107527016355,676.1541480565256,62.98220585611684,0.008748514534401937,0.02951388888888889,0.007731056971601496,0.026388777320776262,4.488869374328189,0.02331974646388051,76.22788710769203,331.3007481206746,67.36253746129958
4.408417394799719,356.7640888892735,3.8957157697773157,22,False,0.017093977625094663,1.216797318472402,0.015105937627606904,0.0,0.10000000000000002,0.0,0.6821000252488224,2.033333333333333,0.6027713773341706,0.6821000252488224,3.033333333333333,0.6027713773341706,0.0,0.10000000000000002,0.0,0.18311719044896582,-1.061399118991717,0.16182054979432406,3,620793.1058270456,5415822.222222221,548594.4899392478,,,,349.38188422277744,906.000919511032,308.74855852959064,0.009136949410038613,0.036631944444444446,0.008074316634884365,0.006728124904944039,4.3241580016083185,0.0059456398852207135,336.005783997044,561.2082910483513,296.92810689790497
29.51972773671462,347.9334221531947,26.08656544162752,23,False,0.04064229882440842,1.180597720472715,0.03591557474503685,0.0,0.10000000000000002,0.0,0.9154441140375121,2.133333333333333,0.8089774066341063,0.9154441140375118,3.1333333333333333,0.808977406634106,0.0,0.10000000000000002,0.0,0.06998460884252254,-0.9397079517604771,0.061845356256675074,3,1345342.6200834846,6029312.0,1188878.4548838923,,,,99.3298804733687,698.8181830482391,87.77775494368281,0.0061532911436196595,0.04270833333333334,0.005437659640057577,0.03759531228135709,4.264925993813409,0.033222954590677894,118.55011672085645,383.2521105781935,104.76266602231841
19.06192331077812,401.29696673506663,16.84501003278023,24,False,0.05180224037835422,1.2705467110998334,0.045777608306737515,0.0,0.10000000000000002,0.0,0.6673387723166077,1.5999999999999999,0.5897268670984711,0.6673387723166075,2.5999999999999996,0.589726867098471,0.0,0.10000000000000002,0.0,0.041248338652673175,-1.0299722832512128,0.03645113177256996,3,2054096.7341077968,6615495.111111112,1815204.0342530624,,,,54.70412286822454,789.3978554025922,48.34200009757929,0.001483236446065922,0.04600694444444445,0.0013107351450122814,0.045163239790499306,4.274104525645574,0.03991072752630672,34.777349874894725,389.59715537054353,30.732722926488165
56.348736103830085,410.6713778843793,49.7953438133288,25,False,0.12274315561722472,1.3436559978607325,0.10846805194406452,0.0,0.10000000000000002,0.0,0.47112536666062804,1.7,0.4163331998932266,0.47112536666062843,2.6999999999999997,0.4163331998932269,0.0,0.10000000000000002,0.0,0.09578387436303108,-1.029006247960274,0.0846441515013081,3,1321819.8627680142,6522652.444444445,1168091.4085550618,,,,83.97643808374109,714.3564980598153,74.20992724474569,0.0032460431159326616,0.052256944444444446,0.002868526326711511,0.0072150195987383935,4.247504766119852,0.00637590842990822,49.70317979123119,335.765278350663,43.92266974293015
24.580513461358663,371.55689993718016,21.721784791430576,26,False,0.009322920591593776,1.21674474805711,0.008238659254882914,0.0,0.10000000000000002,0.0,0.35651758739711126,1.7555555555555555,0.3150543750835073,0.35651758739711126,2.755555555555556,0.3150543750835073,0.0,0.10000000000000002,0.0,0.05296171021883171,-0.9957682395034203,0.046802231099365474,3,879636.2750458035,6482602.666666667,777334.0411020219,,,,105.48201969065407,774.7917309497308,93.21439662713959,0.0020698289165598073,0.056597222222222215,0.0018291065543147083,0.028833885684066946,4.1935190459092455,0.025480487236957575,83.00631272402073,403.2348310125507,73.35262805456881
59.11560875570234,384.92975556032934,52.24042749246941,27,False,0.12235379016952659,1.2901654383385157,0.10812396993481709,0.0,0.10000000000000002,0.0,0.2847813976446574,1.7333333333333334,0.2516611478423583,0.2847813976446574,2.733333333333334,0.2516611478423583,0.0,0.10000000000000002,0.0,0.09060224639221814,-1.0363769132189427,0.08006515001591624,3,862942.258209778,6719260.444444444,762581.548580386,,,,66.78344947935643,782.5883880993697,59.01649367497685,0.008362806675621963,0.057118055555555554,0.007390207171455826,0.03017442300942956,4.1842862923940025,0.026665119255820092,39.077337472795314,401.42572810264505,34.53261935071259
25.063413757301497,367.8542778555614,22.14852348916682,28,False,0.013196776584508664,1.2172197100476856,0.011661983439032795,0.0,0.10000000000000002,0.0,0.2676098136199026,1.877777777777778,0.23648662948658622,0.2676098136199024,2.8777777777777778,0.23648662948658605,0.0,0.10000000000000002,0.0,0.01823936030448079,-0.9394760164587243,0.016118111604548815,3,853410.7083262261,6761130.666666667,754158.5237471262,,,,28.77408274425169,661.7323228697629,25.427639415425936,0.010247955513505618,0.06753472222222222,0.00905611205260068,0.06105547121475507,4.1264898750517105,0.05395468276735452,4.6894443647926165,304.12458647073964,4.144059132187945
43.29493807722257,358.59302224384413,38.25971043892749,29,False,0.11825011050699775,1.2300841616025966,0.10449755071365022,0.0,0.10000000000000002,0.0,0.340179763661712,1.8888888888888886,0.3006166501881929,0.3401797636617119,2.888888888888889,0.3006166501881928,0.0,0.10000000000000002,0.0,0.032626528829061426,-0.9784144575794403,0.028832043676808722,3,1478977.3116910108,6220458.666666667,1306971.3505563582,,,,111.84427082092317,726.7447535562841,98.83671408027152,0.014062985245400271,0.06336805555555557,0.01242745150567589,0.04068005138489048,4.106126777993308,0.03594893665976683,131.48913370869568,369.8761868439196,116.19686746259103
46.46516452537598,375.0989333493635,41.06123762244807,30,False,0.1780481158718539,1.3040635592289578,0.1573410116744702,0.0,0.10000000000000002,0.0,0.4547333501658815,2.0444444444444443,0.401847584889447,0.4547333501658816,3.0444444444444443,0.4018475848894471,0.0,0.10000000000000002,0.0,0.11254542637516866,-0.9789068167245732,0.09945632481698699,3,52802.63050657729,5952853.333333333,46661.65245442766,0.0017681351993932305,0.0390625,0.0015625000000000014,48.25736318088965,653.7500742201886,42.6450024839819,0.0037891729691482082,0.06597222222222222,0.003348489847566997,0.02549797502208946,4.08493974937333,0.022532545014480158,37.64653873958413,319.42849370873813,33.26822338064782
49.73239473363699,347.23561116132055,43.94848696976026,31,False,0.05688273852656729,1.2032653549588475,0.050267241429423556,0.0,0.10000000000000002,0.0,0.5440087145271492,2.266666666666666,0.4807401700618651,0.5440087145271496,3.266666666666666,0.4807401700618654,0.0,0.10000000000000002,0.0,0.07964573513993792,-0.9367703084322913,0.07038288768803387,3,1076866.0876569333,6085745.777777777,951625.9065151677,,,,115.24915072489783,670.2752619057351,101.84560437994212,0.0034027777777777793,0.050173611111111106,0.0030070326520293023,0.029150479566115703,4.262389798296822,0.025760261057913653,76.83567329057337,326.8146385109057,67.8996377413449
82.96947955088423,379.2428665716822,73.32007860187677,32,False,0.1897594925797802,1.1409914148643672,0.16769034814625952,0.0,0.10000000000000002,0.0,0.5649644149178396,2.1222222222222222,0.49925870974802156,0.5649644149178398,3.1222222222222222,0.4992587097480217,0.0,0.10000000000000002,0.0,0.08538436936679215,-0.9109774692687873,0.07545411526301615,3,831567.2769250326,5550535.111111111,734855.4967070689,,,,69.11122667269576,680.9635236732075,61.07354896455021,0.007524679687411826,0.07447916666666667,0.0066495548618769286,0.0690007659887812,4.072509115272099,0.06097593492537735,59.8132901785236,306.4762654821336,52.85696814135888
22.90083715254042,364.4199888415945,20.237455859214784,33,False,0.07176702018910928,1.251142639530489,0.06342047207926461,0.0,0.10000000000000002,0.0,0.41377777777777763,2.0777777777777775,0.3656551704867629,0.41377777777777786,3.0777777777777775,0.36565517048676305,0.0,0.10000000000000002,0.0,0.03416270592018781,-0.9428096714360242,0.030189562437652737,3,1100262.617602174,5657941.333333333,972301.4057937205,,,,33.24035453101011,634.4767033415596,29.374481076179517,0.008801296398090281,0.06979166666666668,0.007777700272431287,0.030850548515872375,4.086460841364331,0.02726261095452019,51.74911113363471,307.94042857293147,45.730658025501825
34.51864782825539,371.43809997036846,30.504108085262967,34,False,0.027709294910904427,1.2657216829862439,0.02448668705489602,0.0,0.10000000000000002,0.0,1.1725670056402104,2.2555555555555555,1.0361967495141566,1.17256700564021,3.255555555555555,1.0361967495141562,0.0,0.10000000000000002,0.0,0.09096254941727751,-0.9729282058933361,0.08038354957995889,3,2136672.882837583,5723477.333333333,1888176.5266476308,,,,155.1741853168061,680.1347288004282,137.1273331590901,0.005282531667477369,0.06961805555555556,0.004668170020746094,0.021279848023707984,4.066515584786733,0.018804988752248158,147.70998538403677,344.52464471586296,130.53122421959588
62.842239871863654,416.99947788017903,55.5336491426013,35,False,0.18725717873116535,1.386042774830264,0.16547905492060436,0.0,0.10000000000000002,0.0,0.47162843713674624,2.277777777777778,0.41677776296691266,0.4716284371367462,3.277777777777778,0.4167777629669126,0.0,0.10000000000000002,0.0,0.13572559075728705,-1.0675906851493961,0.11994062197904183,3,1089033.5223744113,5945571.555555555,962378.2611725398,,,,109.23122843217584,749.1385954685287,96.52757011106667,0.006624501349740678,0.07361111111111111,0.005854067812530336,0.04626779220112013,4.038977194494671,0.040886819819581185,71.15328684022214,335.71656026200776,62.87811629223812
98.76158009893109,389.8410443669288,87.27554824853671,36,False,0.23394551891566967,1.2960596647868663,0.2067375127372478,0.0,0.10000000000000002,0.0,0.3772021758705553,2.233333333333333,0.33333333333333315,0.37720217587055543,3.233333333333333,0.33333333333333326,0.0,0.10000000000000002,0.0,0.14661971713369096,-1.0182644729691097,0.12956775483006622,3,1044250.7373350565,5805397.333333333,922803.7412783572,,,,64.98774227180103,740.4692811513528,57.429628308138284,0.008383549510319313,0.07951388888888888,0.007408537601858282,0.025406315875626927,3.997404209110472,0.022451545882515106,49.7716003309505,351.6892273291274,43.983132932254186
49.93872361324312,409.89435555982504,44.130819675141176,37,False,0.05380480393406509,1.3060215846635375,0.047547272502593135,0.0,0.10000000000000002,0.0,0.45316620012780257,2.222222222222222,0.40046269535422446,0.45316620012780245,3.222222222222222,0.40046269535422435,0.0,0.10000000000000002,0.0,0.06499381729104514,-1.012740871227064,0.05743499679894837,3,1423973.3276299043,6724721.777777777,1258364.3633050597,,,,81.62402573404007,719.4601577905913,72.13110188248314,0.006518784437310645,0.08055555555555556,0.005760645841332312,0.02738563188458998,3.9656117624706693,0.024200666235453097,46.13303451014287,339.4454002861424,40.7677345300489
25.69590280467321,371.35071109514683,22.707453675533475,38,False,0.07353448001223618,1.235641081108984,0.06498237524966895,0.0,0.10000000000000002,0.0,0.4903628286317221,2.2333333333333334,0.43333333333333324,0.4903628286317219,3.233333333333333,0.4333333333333331,0.0,0.10000000000000002,0.0,0.04620937646231218,-0.9860107446595597,0.04083519786673575,3,972304.2879549821,6448014.222222223,859224.7077321984,,,,76.18174640313977,736.3804082101356,67.32176294875798,0.010968351550042004,0.07934027777777779,0.009692725591811021,0.03617049698861059,3.961898840135998,0.03196384618331154,97.0147437846034,373.11850887159926,85.73187006031124
38.581489933774364,341.0034999898117,34.0944391821451,39,False,0.035973477610591865,1.1960470535601015,0.03178974027881967,0.0,0.10000000000000002,0.0,0.7951126017003607,2.611111111111111,0.7026405223894392,0.7951126017003599,3.6111111111111107,0.7026405223894385,0.0,0.10000000000000002,0.0,0.03901820701405612,-0.9033473168995446,0.034480365800298736,3,1116578.2427369102,5641557.333333333,986719.5137991343,,,,57.53756418909204,610.6475802389879,50.84591046901172,0.0010208333333333252,0.07916666666666666,0.0009021097956087831,0.004408881550153818,3.953905228111479,0.0038961259435813488,41.83445051013859,291.1872416443745,36.96907846443152
20.24771879686684,336.048711078345,17.89289678241875,40,False,0.045369790658481304,1.1899818910039013,0.04009325640268033,0.0,0.10000000000000002,0.0,0.9211253450180209,2.4555555555555557,0.8139979069952162,0.9211253450180206,3.4555555555555557,0.8139979069952159,0.0,0.10000000000000002,0.0,0.021094377134126163,-0.9153235306911832,0.01864108823996208,3,1382971.6589495654,5614250.666666667,1222131.2136369718,0.005614583333333341,0.05104166666666667,0.004961603875848353,49.808692513085695,640.665170378465,44.0159112710408,0.005149337163685113,0.08559027777777778,0.004550466118778179,0.01016299887814475,3.9396272540092467,0.008981035925618474,82.58892333308741,337.08740024791183,72.98378130373374
32.93513288546185,334.19386671933654,29.104756893700245,41,False,0.05214941926860239,1.1960212292626802,0.046084410080832014,0.0,0.10000000000000002,0.0,0.6845292876707408,2.511111111111111,0.6049181150584975,0.6845292876707414,3.5111111111111115,0.6049181150584979,0.0,0.10000000000000002,0.0,0.03742068259390483,-0.961883815420161,0.03306863444211811,3,1240370.5264214296,5976519.111111111,1096114.679577995,,,,126.55998423464791,727.7464015776417,111.84098107118687,0.00795842725851109,0.06579861111111111,0.007032857326572601,0.034957836218195204,4.105531522300509,0.030892218598257932,147.68619048556397,437.4531930512203,130.51019668229188
14.772785673656825,352.4032555481729,13.054701712295532,42,False,0.027603649576761556,1.1977148721831152,0.02439332833738681,0.0,0.10000000000000002,0.0,0.16441861659034107,2.1,0.14529663145135605,0.16441861659034107,3.1,0.14529663145135605,0.0,0.10000000000000002,0.0,0.2819165552253451,-1.1913230545944469,0.24912948833933418,3,1134618.5621130713,6000184.888888889,1002661.73305642,,,,573.0082304594252,1184.9312370057785,506.3670246483984,0.003118697347956055,0.07604166666666666,0.002755990949025613,0.01848749573150043,3.945674102173911,0.016337388730444637,564.6785758387049,849.8853877518195,499.0061139276899
26.42416744822804,344.1283332714293,23.351020697978885,43,False,0.023135154192178226,1.2029923674267813,0.02044452168458816,0.0,0.10000000000000002,0.0,0.49229339841547404,1.988888888888889,0.4350393766767086,0.492293398415474,2.988888888888889,0.43503937667670856,0.0,0.10000000000000002,0.0,0.03003641534993231,-0.9133707568944383,0.026543161971083917,3,1515724.83940347,6233201.777777777,1339445.118439279,,,,72.89965987673322,623.7491463620951,64.42138508213891,0.012845204421120368,0.08020833333333333,0.011351299332137167,0.05697307287342876,3.9414134489165416,0.050347069836787134,64.10027806283206,286.3966897712085,56.64537672659075
70.22905332702987,364.84056674978797,62.061371698918286,44,False,0.0387806892984119,1.2356472590173275,0.03427047153948574,0.0,0.10000000000000002,0.0,0.7733411238432629,2.1888888888888887,0.6834010806525238,0.7733411238432625,3.1888888888888887,0.6834010806525234,0.0,0.10000000000000002,0.0,0.04780492418432788,-0.9789070054590533,0.042245182417976555,3,1346553.3539616263,6178588.444444445,1189948.3796754158,,,,118.11657998489349,722.1667519007791,104.37954987250441,0.012423634401568124,0.08350694444444445,0.010978758162334977,0.032130653959062234,3.9168990280893117,0.02839383935587239,176.46232104776317,373.31952810550325,155.93964575319217
60.86736743938784,357.83946670643576,53.78845557550168,45,False,0.07457085866896866,1.2594648674536302,0.06589822243810804,0.0,0.10000000000000002,0.0,0.43391914818372995,2.111111111111111,0.383454087260831,0.4339191481837302,3.1111111111111107,0.3834540872608312,0.0,0.10000000000000002,0.0,0.047036785079920436,-0.9566979626954574,0.04156637835873465,3,1294472.3986384864,5903701.333333333,1143924.4711415367,,,,22.06473472433962,653.9310579372847,19.498592652084433,0.0041256487985842005,0.07864583333333335,0.0036458333333333334,0.02907952586172439,3.939669443501366,0.025697559312510092,56.38288836256333,311.4936547991868,49.825524143593704
37.050296266360256,364.2645221682162,32.7413242698038,46,False,0.010649559185340307,1.2979574008441455,0.009411008973072057,0.0,0.10000000000000002,0.0,0.2847813976446575,2.1333333333333333,0.25166114784235843,0.2847813976446574,3.1333333333333333,0.2516611478423583,0.0,0.10000000000000002,0.0,0.06644455109494599,-1.0072263966229176,0.05871700937885342,3,831513.6908868883,5270186.666666667,734808.1427577616,,,,143.2650443140423,716.4953924016896,126.60323250026939,0.011125574354018319,0.08402777777777777,0.009831663288033173,0.03668531277220293,3.937975355651643,0.0324187885780668,115.38774283004896,355.81629724209847,101.96807813894705
52.354143923755956,383.59541121301135,46.26532513404017,47,False,0.19490960786167788,1.3839588601647126,0.17224150188762877,0.0,0.10000000000000002,0.0,0.7547186214284533,2.1888888888888887,0.6669443865981746,0.7547186214284533,3.1888888888888887,0.6669443865981746,0.0,0.10000000000000002,0.0,0.15765779322633078,-1.0235993101456948,0.13932209595775166,3,340577.94801909773,4762282.666666667,300968.52546256594,,,,120.40756887628835,663.239760126677,106.40409536203083,0.008001955899985255,0.07986111111111112,0.007071323560561225,0.013403655084384122,3.905106855763329,0.01184480184351133,64.6782434459749,289.67788825872566,57.15612438404962
44.41372235284713,378.5850777510657,39.24837942264733,48,False,0.054527027530451994,1.2987710522764777,0.048185501055331516,0.0,0.10000000000000002,0.0,0.5185672569686597,1.9333333333333333,0.45825756949558394,0.5185672569686599,2.9333333333333336,0.45825756949558416,0.0,0.10000000000000002,0.0,0.07257304379936073,-1.0022757588756914,0.06413275465327258,3,1034352.9832679137,5239239.111111111,914057.1020308507,,,,98.31311174364895,705.7804654749058,86.8792370358145,0.01595681473047151,0.090625,0.014101027469459251,0.06317451175985278,3.8855977263715533,0.055827277607868646,72.6215797078572,353.213348778921,64.17564580608247
67.12894083684706,343.944944447786,59.321804177400175,49,False,0.06014173175581889,1.2464746632924697,0.053147211763396374,0.0,0.10000000000000002,0.0,0.32080669923118044,1.8222222222222222,0.28349668493717955,0.3208066992311801,2.8222222222222224,0.2834966849371793,0.0,0.10000000000000002,0.0,0.04649931238935821,-0.9458356825036888,0.04109141406907418,3,1256791.9546321633,5854549.333333333,1110626.285697299,,,,43.054475666783695,645.1967017149077,38.04721395311596,0.004501451883408496,0.08350694444444444,0.003977930290760269,0.01764633703798157,3.865283685922623,0.015594057304728862,19.360565336984134,328.22657969249144,17.108919809649684
28.536318070776016,356.1539667037626,25.217526918127522,50,False,0.013218593738653084,1.2256605542431007,0.01168126324487703,0.0,0.10000000000000002,0.0,0.6097777777777778,2.355555555555556,0.5388602512436507,0.6097777777777776,3.355555555555556,0.5388602512436506,0.0,0.10000000000000002,0.0,0.03002446986812383,-0.9579206019889762,0.026532605756077195,3,1251330.2201192488,5055374.222222223,1105799.754231064,0.009697916666666669,0.059895833333333336,0.00857004305828351,53.41576946181763,690.1806497348516,47.2034829761501,0.006702694892889013,0.08923611111111111,0.00592316739903888,0.005651740768533046,3.8663632286919487,0.004994439878728372,66.69715825086125,336.2370608242273,58.94023816885379
60.49189563090177,367.58301115413707,53.45665136677329,51,False,0.03714689708280151,1.2371089610098938,0.032826690352522614,0.0,0.10000000000000002,0.0,0.6247603787566854,2.2111111111111112,0.5521003666135483,0.6247603787566856,3.211111111111111,0.5521003666135484,0.0,0.10000000000000002,0.0,0.05690681930651679,-0.9377362073040777,0.05028852160001458,3,1639345.2144096298,5839985.777777777,1448688.36862366,,,,76.68949261614183,638.3634535982618,67.77045796828364,0.010722800160733986,0.07552083333333333,0.009475731978468871,0.05510712572239405,4.00806828935941,0.0486981334746287,39.93255284021871,282.7687494711798,35.288372650605965
47.69576938446911,381.50095556112416,42.14872238774932,52,False,0.09561617604645235,1.278267908798381,0.08449595660097231,0.0,0.10000000000000002,0.0,0.25675621333556803,2.2222222222222223,0.22689530951846812,0.25675621333556803,3.2222222222222228,0.22689530951846815,0.0,0.10000000000000002,0.0,0.09478444539819685,-0.9674014314861376,0.0837609567331199,3,576914.1787133524,5568739.555555555,509818.7087440804,,,,93.97252903589573,656.5349541738939,83.04346673771069,0.010904827744293626,0.08819444444444445,0.009636589643317997,0.03617548330981099,3.8467160615656115,0.031968252592322735,31.81537690756272,285.02164581875917,28.115229217271537
55.50755445371202,385.0528222456988,49.05199210088027,53,False,0.03149971364557003,1.2631416635347676,0.027836277784692828,0.0,0.10000000000000002,0.0,0.1644186165903405,2.1999999999999997,0.14529663145135552,0.16441861659034046,3.1999999999999997,0.1452966314513555,0.0,0.10000000000000002,0.0,0.0476085054353663,-0.9816534390805812,0.042071607289017085,3,1042041.7135789152,5452231.111111111,920851.6283289881,,,,64.13314209155294,700.1652146263947,56.67441864877746,0.004824270118466196,0.09739583333333333,0.004263204568683561,0.011330704462521298,3.841237470838758,0.010012936640119539,53.36632788491928,324.0107963188149,47.15979148472445
46.816765652588856,351.35539997524273,41.37194732465786,54,False,0.19276286125084616,1.2766599055004777,0.1703444232136814,0.0,0.10000000000000002,0.0,0.3457115046457731,2.1,0.3055050463303893,0.3457115046457735,3.0999999999999996,0.3055050463303896,0.0,0.10000000000000002,0.0,0.12373617263813684,-0.9757265874453592,0.10934558048130966,3,372705.4806331684,4975274.666666667,329359.60648776835,,,,63.236836531706494,674.7932693902409,55.88235397083842,0.001800580753363396,0.09340277777777778,0.0015911721163041057,0.01079387933558031,3.8505890839629706,0.009538544602037189,53.69576182261834,342.9898824597156,47.450912055047034
17.19630821919045,354.4652555784624,15.196367111353132,55,False,0.04772164688010823,1.2021088018554245,0.04217159031490216,0.0,0.10000000000000002,0.0,0.7544043517411112,2.4333333333333336,0.6666666666666667,0.7544043517411106,3.4333333333333336,0.6666666666666663,0.0,0.10000000000000002,0.0,0.04908612475874525,-0.8896957894880723,0.04337737858612825,3,455834.1764938731,4376348.444444445,402820.3844457689,,,,54.65126564558041,577.2827771207203,48.295290202086115,0.005012604675487203,0.09826388888888889,0.004429635702143439,0.020990943788831592,3.828899466329151,0.01854968425565238,64.71027526083314,277.31439363456303,57.18443087935224
72.08119749183352,372.7124000175132,63.698110370541826,56,False,0.16002840516504355,1.2696200560045316,0.1414170042857516,0.0,0.10000000000000002,0.0,0.37213882979605234,2.6777777777777776,0.3288588574877497,0.37213882979605234,3.6777777777777776,0.3288588574877497,0.0,0.10000000000000002,0.0,0.1136932609073922,-0.9492341849020738,0.10047066549478964,3,307102.9498569324,4818716.444444444,271386.6899522879,,,,74.07410943352151,628.8483137996162,65.4592454409573,0.008588222829751021,0.09704861111111111,0.007589407289720266,0.039289237461972173,3.838623860147264,0.03471987524223178,24.126859524294083,268.4721472109714,21.320891083242053
13.140288863666362,352.692222099803,11.612065274490636,57,False,0.03529809252291298,1.235787690630436,0.031192902887730804,0.0,0.10000000000000002,0.0,0.13600217863178743,2.766666666666667,0.12018504251546638,0.13600217863178743,3.766666666666667,0.12018504251546638,0.0,0.10000000000000002,0.0,0.018908589722811456,-0.9199819020282095,0.01670950923437967,3,492251.5870598571,4711310.222222223,435002.4280071872,,,,5.370121795658369,604.1761134259832,4.745573363731279,0.004727289968632232,0.09149305555555554,0.004177503269276382,0.036656382812716985,3.845361762576633,0.032393223190469576,42.37807104289294,287.30642370861455,37.449475598496925
5.943779797338011,346.28756663167024,5.252514590811673,58,False,0.03510148281827335,1.2169086300670038,0.031019159011354804,0.0,0.10000000000000002,0.0,0.26760981361990277,2.8444444444444446,0.23648662948658636,0.267609813619903,3.8444444444444446,0.2364866294865866,0.0,0.10000000000000002,0.0,0.023745603538596276,-0.9221029957958891,0.02098397540063065,3,1433596.624487483,5126371.555555555,1266868.4648834497,,,,63.1680213390242,627.2973615247747,55.821542026931084,0.004577969293795917,0.09774305555555556,0.004045548679767724,0.01952440403099513,3.8399160616927674,0.017253703963870486,87.76416814528771,320.16906604221305,77.55714199574301
42.64043299325906,342.03697775956243,37.681324694418855,59,False,0.061787342552774106,1.2503681094842147,0.054601437023503695,0.0,0.10000000000000002,0.0,0.44204061039068315,2.755555555555555,0.39063101847215415,0.4420406103906834,3.755555555555556,0.39063101847215437,0.0,0.10000000000000002,0.0,0.04282889117236623,-0.9535463807953105,0.03784786507264107,3,792818.6565313695,5610609.777777777,700613.3644391994,,,,104.71530826403247,656.7246521064061,92.53685420588845,0.008628574921141571,0.09357638888888888,0.00762506640833256,0.04834203791594265,3.829376147853004,0.04271982949583355,86.19407486308842,333.6708037317215,76.16965151748191
35.325899113297126,412.47142226590466,31.21747555473621,60,False,0.20975558594323757,1.3651029892483566,0.185360883686259,0.0,0.10000000000000002,0.0,0.3504801644587211,2.8777777777777778,0.30971910810591874,0.3504801644587209,3.8777777777777778,0.3097191081059186,0.0,0.10000000000000002,0.0,0.16294712507260387,-1.057764348261289,0.14399627529236245,3,421440.40493763273,5628814.222222223,372426.62944611296,0.012281859611672542,0.07031250000000001,0.010853471866757653,124.14857322184034,750.4257072742217,109.71001862623083,0.004715027198381943,0.09687499999999999,0.004166666666666666,0.02364825768976177,3.844457254144881,0.020897950933239175,112.38214116099806,352.15235168797426,99.31202977256441
54.968107541715625,354.4691666417445,48.57528319293951,61,False,0.03591573208367931,1.2184382450325748,0.03173871059181846,0.0,0.10000000000000002,0.0,0.2728747734315298,2.477777777777778,0.241139271269008,0.2728747734315298,3.477777777777778,0.241139271269008,0.0,0.10000000000000002,0.0,0.046827125879708206,-0.972433819469703,0.041381102651060236,3,408275.27983764926,5492280.888888889,360792.6164046988,,,,82.94798628141294,726.429393906831,73.30108501272115,0.0027222222222222127,0.08263888888888889,0.0024056261216234324,0.023814247016469548,3.933346317874061,0.021044635600265718,46.98020875029828,408.43031838666,41.51638189066764
37.544753504256704,359.64752224067024,33.1782758301134,62,False,0.09696946536075259,1.244227638760992,0.0856918575447009,0.0,0.10000000000000002,0.0,0.3598279424226923,2.4333333333333336,0.31797973380564876,0.35982794242269245,3.4333333333333336,0.3179797338056489,0.0,0.10000000000000002,0.0,0.05979262695876161,-0.9476592428191584,0.05283870806662636,3,571827.2293823899,5009863.111111111,505323.37471512356,,,,22.950275385184362,651.0908468773247,20.281144395324844,0.003118697347956055,0.10052083333333334,0.002755990949025613,0.03938129194153846,3.780589496427112,0.0348012237298201,12.731716629055038,303.1449022253405,11.251010239333104
44.150233818413405,353.8267110060487,39.01553476507025,63,False,0.04485397375247921,1.2190195697846207,0.03963742931666063,0.0,0.10000000000000002,0.0,0.16441861659034077,2.4333333333333336,0.14529663145135577,0.16441861659034077,3.4333333333333336,0.14529663145135577,0.0,0.10000000000000002,0.0,0.029040019968840702,-0.9161982998758037,0.0256626479790035,3,1216659.9300058,4986197.333333333,1075161.6399506324,,,,47.93326217965448,613.3770299669865,42.35859462636799,0.005903598799110948,0.10798611111111112,0.005217006667123863,0.026918313128509078,3.753579878807068,0.023787696935013293,69.52486049310417,263.0725400104233,61.43907691999724
43.40716206223907,383.1717222476275,38.358882706211375,64,False,0.07299780925206978,1.28094092713897,0.06450811962541139,0.0,0.10000000000000002,0.0,0.1728557523228865,2.533333333333333,0.15275252316519458,0.1728557523228865,3.533333333333333,0.15275252316519458,0.0,0.10000000000000002,0.0,0.07420097474725679,-1.004325240539781,0.06557135624152245,3,737538.509932015,5535971.555555556,651762.3325208637,,,,85.80630083445655,727.709553940592,75.82697584429515,0.007578345938296419,0.09878472222222222,0.006696979695133997,0.024890201118088894,3.8146988107098476,0.021995455585274305,60.32393908441028,369.5459515546354,53.308228268820706
40.617511153125534,433.6238778196275,35.89366989500457,65,False,0.06807036523923901,1.4387965382447543,0.06015374034904713,0.0,0.10000000000000002,0.0,0.17008988183085594,2.488888888888889,0.1503083250940964,0.1700898818308557,3.488888888888889,0.15030832509409617,0.0,0.10000000000000002,0.0,0.0673027482441199,-1.0967122899046544,0.059475397677465666,3,1127324.1482054836,5748963.555555556,996215.6639240839,,,,107.87693009701638,754.628041564555,95.33077749621864,0.0077818782593810365,0.09965277777777777,0.0068768410834508225,0.023521420759763642,3.79175573653645,0.02078586521536529,99.46700710471316,351.7295860292934,87.89893366437636
20.33151876972928,361.7658111033961,17.966950767454787,66,False,0.04670315448411563,1.2160932348073838,0.041271549204197205,0.0,0.10000000000000002,0.0,0.5121251775990556,2.2555555555555555,0.45256470787591785,0.5121251775990558,3.255555555555555,0.452564707875918,0.0,0.10000000000000002,0.0,0.02096967402212648,-0.9391376561588051,0.018530888175755243,3,1009606.5118295874,5931008.0,892188.6602761399,,,,17.95221623447509,662.1820775102261,15.864362564578414,0.004763888888888881,0.10659722222222223,0.004209845712841014,0.02851225796454939,3.7701055645942687,0.02519626501689282,39.66144347673609,326.33863035772,35.048793471034756
46.85174772707164,359.2301221797243,41.40286096259579,67,False,0.05252899427290811,1.2146378945829956,0.046419840281209906,0.0,0.10000000000000002,0.0,0.26760981361990266,2.555555555555556,0.23648662948658628,0.26760981361990266,3.555555555555556,0.23648662948658628,0.0,0.10000000000000002,0.0,0.10509682119042048,-0.9901926123619358,0.09287399694683147,3,1495260.2156640089,5515946.666666667,1321360.542891051,,,,157.664874896409,765.7473301408759,139.32835402529142,0.005138081768448151,0.10677083333333333,0.0045405197328548695,0.06334357934019146,3.749338815609614,0.05597668252575605,100.59747769506839,425.53563815846724,88.89792983731394
41.68856683793828,343.0452778120525,36.840161152061285,68,False,0.057716277905537135,1.2131776361727404,0.051003839671507824,0.0,0.10000000000000002,0.0,0.22944312617323764,2.5333333333333337,0.20275875100994084,0.22944312617323764,3.5333333333333337,0.20275875100994084,0.0,0.10000000000000002,0.0,0.0778300912212845,-0.9791326525110952,0.06877840426172714,3,1401652.6005321485,6280533.333333333,1238639.550348329,,,,114.64483357665335,745.0876688494496,101.31156968369488,0.007486111111111103,0.10243055555555557,0.0066154718344644545,0.02708349916947542,3.748104200760523,0.023933671738918836,70.22534388057763,404.3279021797646,62.0580936633452
49.410604184158885,352.4902222238274,43.66412085695844,69,False,0.049045950402721375,1.218701200885027,0.04334187653215135,0.0,0.10000000000000002,0.0,0.7284984048890748,2.3333333333333335,0.6437735971942657,0.7284984048890744,3.3333333333333335,0.6437735971942653,0.0,0.10000000000000002,0.0,0.05967483128157045,-0.9736567252973591,0.05273461209835745,3,1941660.241956359,6074823.111111112,1715843.9745433128,,,,70.54577420461017,728.6122497096912,62.34125774574832,0.00212503404112167,0.1140625,0.0018778912893041544,0.025107895470193174,3.7573013570573597,0.022187831951787265,33.178903980684204,379.06042744387423,29.320177262241998
32.739617706009575,366.1746555719421,28.93198024856643,70,False,0.10967285004953405,1.2550557461397878,0.09691783086565094,0.0,0.10000000000000002,0.0,0.31634049478682846,2.1888888888888887,0.2795499027868696,0.31634049478682835,3.1888888888888887,0.2795499027868695,0.0,0.10000000000000002,0.0,0.08458113827338849,-0.9368798464213066,0.07474430043444766,3,1920298.6130736177,5486819.555555556,1696966.7160956908,0.005377573269685252,0.07265624999999999,0.004752158226795484,62.183396949478755,618.7039467028258,54.951430052918745,0.004250068082243348,0.11041666666666666,0.0037557825786083167,0.04944599473594471,3.715168777439329,0.04369539546604055,28.138891488211296,266.6302956078816,24.866321288902746
28.75064149813003,386.2077000343965,25.406924400489487,71,False,0.10191417401727987,1.280091497167793,0.09006149357619626,0.0,0.10000000000000002,0.0,1.0741986849809557,2.1999999999999997,0.9492687243932093,1.0741986849809557,3.1999999999999997,0.9492687243932094,0.0,0.10000000000000002,0.0,0.06348878950517113,-0.9734243773532841,0.05610500466020516,3,330677.6195298673,5647018.666666667,292219.6111998268,,,,25.36471103657315,666.7572575387749,22.41477971155497,0.0036806669270361427,0.08958333333333333,0.003252603124165821,0.029160341202634915,3.8790161059962376,0.025768975780106024,6.656793070486826,280.54955750437836,5.882603986507965
39.00436711414176,408.0626111438808,34.46813548916438,72,False,0.0569154272482581,1.2814847634168702,0.05029612843289445,0.0,0.10000000000000002,0.0,0.8168844154151479,1.8666666666666665,0.7218802609235904,0.8168844154151479,2.8666666666666667,0.7218802609235904,0.0,0.10000000000000002,0.0,0.05434253942853478,-0.9812265040347349,0.04802246903190674,3,1071497.1608213785,5577841.777777777,946881.3891369529,,,,51.77253648520745,680.9682446525998,45.751358994435066,0.01080884206304389,0.12430555555555556,0.009551767155193683,0.029778380236100615,3.7003222909238604,0.026315136497975084,7.321203290329284,278.13005855119627,6.469742893566713
31.573853146437337,352.11502216730474,27.901794816504044,73,False,0.06880664069512478,1.2224979208630533,0.06080438652147573,0.0,0.10000000000000002,0.0,0.5649644149178394,2.2888888888888888,0.4992587097480214,0.5649644149178398,3.2888888888888883,0.4992587097480217,0.0,0.10000000000000002,0.0,0.023119104398948143,-1.0037856266638903,0.020430338492075158,3,75183.92358444615,5674325.333333333,66439.9875309371,,,,45.657219900498745,785.0733324647271,40.34725744898401,0.005149337163685116,0.11024305555555557,0.004550466118778183,0.02359077683523076,3.71033175057835,0.02084715513706051,75.56310872661345,434.63327696416627,66.77507321038046
74.82219314067729,384.393922247303,66.12032655784928,74,False,0.2527884189840099,1.3228815990917742,0.2233889720639357,0.0,0.10000000000000002,0.0,0.6845292876707411,2.2111111111111112,0.6049181150584977,0.684529287670741,3.2111111111111117,0.6049181150584976,0.0,0.10000000000000002,0.0,0.15879904970207903,-1.0288684526985816,0.14033062361104912,3,537785.378417156,5501383.111111112,475240.6117276375,,,,66.72221036128296,734.8553063053893,58.96237670359217,0.0040118158333682374,0.11475694444444444,0.0035452392112260527,0.05249889536544486,3.7280198534329734,0.0463932418949963,31.609467165135698,350.606495885324,27.933266903160813
66.75182617482064,385.77096669339676,58.98854817999766,75,False,0.1408497691590105,1.3721894454453176,0.12446885531518068,0.0,0.10000000000000002,0.0,0.1728557523228865,2.5,0.15275252316519458,0.1728557523228865,3.5,0.15275252316519458,0.0,0.10000000000000002,0.0,0.1281955897962113,-1.0343327805486933,0.11328636471086545,3,896097.4579780463,4613006.222222223,791880.7784445373,,,,116.51419979540051,696.476115652069,102.9635274739107,0.005804704051058101,0.10833333333333334,0.005129613438435468,0.02499905334733562,3.7439365102185143,0.02209164823403577,39.26550219303926,317.75971639131376,34.6989003995159
106.36780724756186,375.160200023351,93.9971665522807,76,False,0.24615805076016148,1.338159943732632,0.21752971969832569,0.0,0.10000000000000002,0.0,0.38713024573196797,2.522222222222222,0.34210676262979234,0.38713024573196797,3.522222222222222,0.34210676262979234,0.0,0.10000000000000002,0.0,0.19006942920893818,-1.002438566294703,0.16796423895688617,3,207040.38158155317,5130012.444444444,182961.4592437233,,,,134.90765359290782,666.7171888567744,119.21781140449916,0.0036011615067268066,0.11684027777777778,0.0031823442326082245,0.02570353277351426,3.7326540205213754,0.022714196274356366,22.11228291207876,300.56550194400023,19.540610956661993
58.08207121738771,419.09829999915223,51.32709099864766,77,False,0.14022642001930083,1.3675196043161968,0.12391800205965436,0.0,0.10000000000000002,0.0,0.251153585395053,2.2444444444444445,0.22194427061597985,0.25115358539505295,3.244444444444444,0.2219442706159798,0.0,0.10000000000000002,0.0,0.10243842524066288,-1.0252325269559945,0.09052477406335419,3,430052.4928790311,5069937.777777777,380037.1263204769,,,,70.42971476610849,682.9454495957924,62.238696090553,0.0021250340411216808,0.10989583333333332,0.0018778912893041642,0.020459260566725236,3.7107158958911897,0.01807983611574415,16.519729469747695,266.9007303870139,14.598474882089732
78.33516826993399,404.22417775779553,69.22474054233828,78,False,0.23980819999901268,1.3801557379208653,0.21191836044384119,0.0,0.10000000000000002,0.0,0.12125353501274276,2.3444444444444446,0.10715167512214399,0.12125353501274257,3.344444444444445,0.10715167512214382,0.0,0.10000000000000002,0.0,0.22150535005399813,-1.08289432583598,0.19574414308257873,3,913948.7216604822,4769564.444444444,807655.9293002966,,,,208.53241216396145,785.6329137510946,184.27996576167112,0.005149337163685106,0.11857638888888888,0.004550466118778173,0.04996551069777374,3.7472391691472793,0.04415449140544407,134.6462767804156,418.4197366682254,118.98683287431705
42.90977109264634,349.36301112692394,37.91933860898661,79,False,0.04432907341596074,1.227278324539203,0.039173575208619825,0.0,0.10000000000000002,0.0,0.4946960159008233,2.3333333333333335,0.43716256828679956,0.4946960159008233,3.3333333333333335,0.43716256828679956,0.0,0.10000000000000002,0.0,0.10395008493063139,-1.00237572730125,0.09186062681171095,3,1398683.8755555556,5519587.555555556,1236016.089892636,,,,180.13774336138655,777.473130063297,159.1876142156759,0.005282531667477369,0.1190972222222222,0.004668170020746094,0.020501268430721174,3.712207608090507,0.01811695843960048,193.0318661981676,444.7844334822485,170.58214272197125
47.43206441235222,455.3982111521893,41.9156864643233,80,False,0.297613792331751,1.5149444920514554,0.2630011272203293,0.0,0.10000000000000002,0.0,0.07852089444343771,2.8222222222222224,0.06938886664887084,0.07852089444343771,3.8222222222222224,0.06938886664887084,0.0,0.10000000000000002,0.0,0.2116050076710392,-1.1041494329656854,0.18699521654196016,3,1552201.1577965203,4387271.111111111,1371679.2188116373,0.003104743374839714,0.09166666666666666,0.0027436598314720655,126.1373035028225,693.3543738799154,111.46745836562464,0.016506103026280836,0.12430555555555557,0.01458643320228817,0.050059511912056535,3.699464491340849,0.044237560221317015,62.020315542779564,264.34472683595214,54.807315113034655
70.35163403898312,425.69553336620123,62.16969619949532,81,False,0.254986957473432,1.4542411916667077,0.22533181918948408,0.0,0.10000000000000002,0.0,0.39200000000000007,2.733333333333334,0.3464101615137755,0.3919999999999999,3.733333333333334,0.34641016151377535,0.0,0.10000000000000002,0.0,0.21483296072476668,-1.0888097671244041,0.18984775669170664,3,1164946.530788537,5011683.555555555,1029462.5405239017,,,,176.5498372749703,723.3783425821003,156.01698378993171,0.007929275412344743,0.10625000000000001,0.007007095857850895,0.009541147456382865,3.820144412914912,0.00843150620253147,82.15475186750095,325.00807981333446,72.60010424373762
38.97308231043566,365.74738887914765,34.44048912716245,82,False,0.10558542652046575,1.2315337178517687,0.0933057771797332,0.0,0.10000000000000002,0.0,0.09492713254821904,2.9111111111111114,0.08388704928078604,0.09492713254821904,3.9111111111111114,0.08388704928078604,0.0,0.10000000000000002,0.0,0.05277184242567667,-0.9296834158943135,0.046634445046066744,3,912191.8771280722,4487395.555555555,806103.4068558406,,,,8.589544968094772,627.8331139368582,7.590575662570274,0.008362806675621968,0.12465277777777778,0.00739020717145583,0.03118664810086259,3.6892822464307145,0.027559621953298693,43.16203847850447,290.91316722823063,38.1422671443942
40.48722471841091,389.56771112538667,35.778535851911336,83,False,0.09504313185989242,1.3160199974582258,0.08398955780193977,0.0,0.10000000000000002,0.0,0.2613333333333333,2.5,0.23094010767585027,0.2613333333333336,3.5,0.23094010767585052,0.0,0.10000000000000002,0.0,0.059030852463802644,-0.9915540306398108,0.05216552840888195,3,911305.1997019355,4849664.0,805319.8505538033,,,,29.072112496300136,667.0880638213957,25.69100812599485,0.011584446972179318,0.11788194444444444,0.010237168741531645,0.03262113899049438,3.640816268655989,0.02882728067974611,13.795306746387785,290.3971415487454,12.190904178949665
10.329322707194205,342.7321222455551,9.12801619216085,84,False,0.03964209786834505,1.241259467642293,0.035031697768669136,0.0,0.10000000000000002,0.0,0.49804020860038606,2.2111111111111112,0.4401178293408524,0.49804020860038634,3.211111111111111,0.44011782934085264,0.0,0.10000000000000002,0.0,0.028761133647845855,-0.9285093745249596,0.025416196306810114,3,432134.5116586675,4929763.555555555,381877.0050493763,,,,63.868217997564145,615.7592814076261,56.440305388094934,0.010019432796561619,0.12291666666666667,0.008854166666666656,0.07029836333479578,3.65362812479337,0.06212262091061397,82.26148340865299,316.7476613784797,72.69442284172001
15.778255189344247,343.5889889240368,13.94323451159772,85,False,0.029896339891942007,1.197389610374251,0.026419377374077443,0.0,0.10000000000000002,0.0,0.26760981361990244,2.6777777777777776,0.23648662948658608,0.2676098136199025,3.6777777777777776,0.23648662948658614,0.0,0.10000000000000002,0.0,0.021717740262089648,-0.9260757442489286,0.01919195385689974,3,733774.4963204095,5288391.111111112,648436.0759822507,,,,19.984334124740705,654.7618781236059,17.6601439078997,0.005476252569667528,0.12881944444444446,0.00483936106415499,0.0408405402801639,3.6655738294124607,0.036090760598881194,13.642770132213144,325.854719418325,12.056107665804253
50.14205515838276,354.83553338821775,44.310503637877574,86,False,0.05108584543411694,1.201760006081743,0.0451445305303577,0.0,0.10000000000000002,0.0,0.3295575784758472,2.511111111111111,0.29122983160180343,0.32955757847584716,3.5111111111111115,0.2912298316018034,0.0,0.10000000000000002,0.0,0.08560636632640271,-0.944664589529646,0.07565029384116477,3,407244.9501842229,5272007.111111111,359882.11471680127,,,,121.11316758572428,687.5691729775493,107.02763251228495,0.019191787332165977,0.12170138888888889,0.016959770789473586,0.06683833706893894,3.680945364634196,0.05906499780449822,67.32122753963576,341.4368242988299,59.49172781967054
41.36799051107796,372.7605777740892,36.55686804704808,87,False,0.05757928567102756,1.227627795645349,0.05088277971721549,0.0,0.10000000000000002,0.0,1.1983715699869915,2.611111111111111,1.0590002273283428,1.1983715699869912,3.6111111111111107,1.0590002273283425,0.0,0.10000000000000002,0.0,0.036405495897844045,-0.9407144848363999,0.03217151457643175,3,1445059.989921018,4583879.111111111,1276998.6339429454,,,,34.07648052661902,653.8011740274507,30.11336510981408,0.015552593033869326,0.12482638888888888,0.013743817002093602,0.03393335573445236,3.641059376133813,0.029986885818051118,50.32109597994785,330.8443431727155,44.46872190296921
40.77494191314177,369.2717000182408,36.03279136185268,88,False,0.09343733955121172,1.2485877997727677,0.08257052011569574,0.0,0.10000000000000002,0.0,1.0419249990780062,2.6999999999999997,0.920748487795542,1.0419249990780066,3.6999999999999997,0.9207484877955424,0.0,0.10000000000000002,0.0,0.08813810906960175,-0.9348996559740131,0.07788759336305995,3,1606075.965247859,4731335.111111111,1419288.3533798563,,,,119.42356301124686,621.2115121752587,105.53452997774633,0.015037814026461588,0.1317708333333333,0.013288907106430298,0.09123807595827826,3.655511307054095,0.08062703221661552,100.74180899582086,253.62600107969556,89.02547531998016
55.5647605376916,375.6646333818531,49.102545082489804,89,False,0.16487762389192934,1.2994384032204156,0.14570225592451727,0.0,0.10000000000000002,0.0,0.9180308502307035,2.8444444444444446,0.8112633038343026,0.9180308502307035,3.8444444444444446,0.8112633038343026,0.0,0.10000000000000002,0.0,0.08751232863878967,-0.9720923884351363,0.07733459157706563,3,699369.243911354,4168817.777777778,618032.1753599468,,,,22.636871113146423,644.746373649857,20.00418923079482,0.015030112200590705,0.1282986111111111,0.013282101007593859,0.06853170210800236,3.6413619498411816,0.060561423459303675,38.77225756072867,269.0817402680039,34.263020418024794
75.81415645833165,387.43797780221536,66.9969239381666,90,False,0.2867435087435889,1.3303334628231323,0.25339506422676866,0.0,0.10000000000000002,0.0,0.17008988183085616,2.6555555555555554,0.15030832509409658,0.1700898818308557,3.655555555555555,0.15030832509409617,0.0,0.10000000000000002,0.0,0.1694097335862,-1.0241462004527342,0.14970727850408475,3,564601.4527747395,4809614.222222223,498937.960322984,0.005797218936337765,0.09296875,0.005122998847110926,122.46972824395259,717.9589380823359,108.22642434065256,0.002381944444444454,0.13142361111111112,0.002104922856420519,0.03659741735923172,3.6366774214638604,0.03234111545509824,111.08549971004355,332.9429801104382,98.16618851121082
29.64874834317286,361.9797777500935,26.20058087306069,91,False,0.07413649550133694,1.2349143135115312,0.06551437597113116,0.0,0.10000000000000002,0.0,0.09979831513459377,2.4333333333333336,0.08819171036881962,0.09979831513459377,3.4333333333333336,0.08819171036881962,0.0,0.10000000000000002,0.0,0.0920780761062414,-0.97226535522234,0.08136933983632855,3,1580051.3115045642,5353927.111111111,1396290.3826998693,,,,171.8264022005403,709.6163969331488,151.8428870883166,0.018283400804679842,0.10815972222222221,0.016157030167781215,0.06471189058121776,3.7485098905033536,0.05718585833699339,159.5917383040611,350.35123049659074,141.0311220463622
12.144424028403433,374.56783337984234,10.732020125436247,92,False,0.04434899759477998,1.2612892396178959,0.03919118219332084,0.0,0.10000000000000002,0.0,0.47263297168725515,2.466666666666667,0.4176654695380554,0.47263297168725515,3.466666666666667,0.4176654695380554,0.0,0.10000000000000002,0.0,0.04180751481105767,-0.9622698205324491,0.036945275403540936,3,1913191.6114338925,5068117.333333333,1690686.2630704467,,,,39.731490748028946,663.2504014470024,35.11069420206067,0.013594086575228743,0.13854166666666667,0.012013086036115396,0.07346306728697956,3.595254092746311,0.06491926786780597,36.903506699434466,292.02370744999956,32.61160641881578
31.91577168629286,408.28462222513434,28.203948022156865,93,False,0.04005351415015821,1.3682139500315513,0.035395266086608666,0.0,0.10000000000000002,0.0,0.6427212209824991,2.4555555555555557,0.5679723519614247,0.642721220982499,3.4555555555555557,0.5679723519614246,0.0,0.10000000000000002,0.0,0.02677250656583433,-1.0334583312848462,0.023658847764283886,3,1471157.7339980302,4516522.666666667,1300061.1945063712,,,,57.88791641637529,698.7027125381406,51.15551651911352,0.003118697347956074,0.12395833333333332,0.002755990949025629,0.01463278358463373,3.627538000875049,0.012930981951400746,55.725150609274294,290.9163067877042,49.2442816911688
34.66789592636234,368.80841113290643,30.635998538760045,94,False,0.07969606149697456,1.2199041557607793,0.07042736105912943,0.0,0.10000000000000002,0.0,0.8870268274367988,2.6999999999999997,0.7838650677536564,0.8870268274367986,3.6999999999999997,0.7838650677536563,0.0,0.10000000000000002,0.0,0.06231450911078184,-0.9396232999396067,0.05506729379009584,3,1063626.378071298,4001336.8888888895,939925.9832091589,,,,83.57358111543759,659.3424441184342,73.85392278694732,0.012097820179123996,0.13524305555555557,0.010690836332181009,0.0676428022746681,3.610285853015052,0.05977590321737794,96.91214229031112,305.0777774363766,85.64120118222618
38.871287639185034,339.71022229201884,34.35053323810845,95,False,0.06190850263708659,1.208475463440029,0.05470850611629888,0.0,0.10000000000000002,0.0,1.0934526583484916,2.5444444444444447,0.9662834489443063,1.0934526583484914,3.5444444444444443,0.9662834489443062,0.0,0.10000000000000002,0.0,0.037884429554680646,-0.9080135421174954,0.03347844734921982,3,630741.7274957702,4327196.444444445,557386.0808553252,,,,34.62461738748291,607.5516207949619,30.597753320282223,0.012984172463730657,0.13350694444444444,0.011474105306846052,0.04858387197464999,3.5913824452294243,0.042933538106385435,60.819397751653625,283.5492318461285,53.74606479163491
24.895654100045483,398.4893111693156,22.000274382111844,96,False,0.0687161900760327,1.313023969397598,0.060724455364412705,0.0,0.10000000000000002,0.0,0.5023071707901059,2.488888888888889,0.4438885412319596,0.5023071707901059,3.488888888888889,0.4438885412319596,0.0,0.10000000000000002,0.0,0.04439572156851593,-0.9690044294294567,0.03923247214048522,3,744701.8311145257,3690040.8888888895,658092.555091804,,,,27.02689329962292,624.9848894613152,23.883649166168244,0.00034027777777779475,0.1279513888888889,0.0003007032652029451,0.04746850120946689,3.611397616068522,0.041947885639766,57.56215255264629,272.43023909950057,50.867639190925466
66.27592149618471,406.929677824438,58.567991505019506,97,False,0.1342847079094708,1.3455864491244836,0.11866731468303558,0.0,0.10000000000000002,0.0,0.13246905065982792,2.3111111111111113,0.11706281947614156,0.13246905065982817,3.3111111111111113,0.11706281947614179,0.0,0.10000000000000002,0.0,0.10997068282385951,-1.0371463529869391,0.09718102550712587,3,1616068.388897534,4949788.444444444,1428118.652079851,,,,90.52757863390586,728.7062568493944,79.99916616332229,0.013859794178699987,0.13489583333333333,0.012247891683650886,0.05285582116316434,3.6039434823724954,0.04670865700529334,62.32394618222016,365.1881888956521,55.075633324384526
12.323255258283409,365.8792776922281,10.89005317448326,98,False,0.06150731440193048,1.21341255529648,0.05435397631696761,0.0,0.10000000000000002,0.0,0.5391924460034287,2.4555555555555557,0.4764840364975903,0.5391924460034287,3.4555555555555557,0.47648403649759025,0.0,0.10000000000000002,0.0,0.045795567350483735,-0.9344423829306043,0.04046951500636748,3,909942.0840747311,4440064.0,804115.2661033394,,,,69.49119841361161,655.4722105647285,61.40932976082912,0.00034027777777777653,0.13454861111111113,0.000300703265202929,0.008538797639158748,3.6085006601280636,0.007545730278863332,93.96699171592881,320.61806807404054,83.03857341142474
48.68238964329305,362.71408887114376,43.02059811022882,99,False,0.09102644668092441,1.2374136470533368,0.08044001555296963,0.0,0.10000000000000002,0.0,0.6609116038837178,2.766666666666666,0.5840471822645078,0.6609116038837177,3.766666666666666,0.5840471822645077,0.0,0.10000000000000002,0.0,0.1017105431412747,-0.9190850597254995,0.0898815450949561,3,1737130.3621589206,4319914.666666667,1535101.0441988646,,,,132.7131818999513,600.7564723976619,117.27855810451325,0.0064920862318653344,0.13350694444444444,0.005737052653423031,0.032873165223572684,3.6090141057968137,0.02904999610858888,135.69432495956954,261.64561790659957,119.91299241262044
23.08148347994399,343.4988111774955,20.397092908839127,100,False,1.7063292931962775,2.986695951014615,1.5078821582954307,0.0,0.10000000000000002,0.0,0.6232402782590709,2.5,0.55075705472861,0.6232402782590709,3.5,0.55075705472861,0.0,0.10000000000000002,0.0,0.7153370885945161,-1.9965294970663037,0.6321429499918882,3,2421277.387143066,4995299.555555555,2139681.35395378,0.017710796397332845,0.10755208333333334,0.01565102000137159,503.24135063048436,1006.3630431179923,444.7140753885627,0.005347885059927664,0.13871527777777778,0.004725922773894512,0.05999443127920674,3.58672926624616,0.053017042421829357,404.57245637683826,713.9236430806556,357.52043356511587
17.871967180889214,357.13312225157597,15.793446524746752,101,False,1.2409246753149492,2.6925095103196326,1.0966043806180634,0.0,0.10000000000000002,0.0,0.49229339841547415,2.5888888888888886,0.4350393766767087,0.49229339841547415,3.5888888888888886,0.4350393766767087,0.0,0.10000000000000002,0.0,0.5753782134622214,-1.7717168787741822,0.5084613771861114,3,2898793.7284906097,4625749.333333333,2561662.2542896722,,,,165.87204345253372,850.9242472287316,146.58102388523517,0.01882631204132028,0.11909722222222223,0.016636800497302276,0.043663594930774895,3.7112539794709947,0.03858549227612704,144.29423852236937,540.6030286625754,127.5127307960235
53.911678074252514,337.692322241815,47.64171711525632,102,False,0.7035556957732292,3.128483934134563,0.6217317403233188,0.0,0.10000000000000002,0.0,0.25115358539505284,2.588888888888889,0.2219442706159797,0.25115358539505284,3.588888888888889,0.2219442706159797,0.0,0.10000000000000002,0.0,0.3070719968035327,-1.9869953802328941,0.2713593367578298,3,1200755.3324015692,3881187.555555556,1061106.756723864,,,,157.70933954489797,845.5068263312245,139.3676474081096,0.013104008419229384,0.14670138888888887,0.011580004267814092,0.04778204373652794,3.5615876621670193,0.042224962980175834,138.40341372411743,539.584173783776,122.30701250568725
57.22532020270806,337.84095556863275,50.5699806482082,103,False,1.2369580018838768,2.4801148985320243,1.0930990337202824,0.0,0.10000000000000002,0.0,0.13066666666666693,2.6666666666666665,0.11547005383792538,0.13066666666666638,3.6666666666666665,0.11547005383792489,0.0,0.10000000000000002,0.0,0.7276470941215049,-1.732701426264139,0.6430212943868874,3,1103907.2296349122,3919416.8888888885,975522.1472297305,,,,263.9127894558284,985.2879539962533,233.21957148200133,0.010482544003287768,0.13940972222222223,0.009263417758301463,0.02710989575303066,3.5359908521175387,0.02395699838374736,312.72952538429695,670.1894349663825,276.35889132270574
57.20648726760173,325.8937889024512,50.55333799491238,104,False,0.32809314552260793,2.6698471943418767,0.28993571309196237,0.0,0.10000000000000002,0.0,0.18985426509643835,2.9777777777777774,0.16777409856157233,0.18985426509643835,3.9777777777777774,0.16777409856157233,0.0,0.10000000000000002,0.0,0.2361968325136791,-1.8664835641246877,0.2087269971941473,3,304521.85719672154,4003157.3333333335,269105.77993875294,,,,476.9333935920355,1063.1199339074985,421.46574975900523,0.00886683190026351,0.15329861111111112,0.007835613955831069,0.03861022635258047,3.5258892145421767,0.0341198335379613,422.3658266161634,748.7798884862676,373.2444240204195
63.94255447908499,323.4060999432889,56.50599649158984,105,False,1.2916297671336643,2.4808946953473607,1.1414124394101348,0.0,0.10000000000000002,0.0,0.0997983151345937,2.4333333333333336,0.08819171036881954,0.0997983151345937,3.4333333333333336,0.08819171036881954,0.0,0.10000000000000002,0.0,0.5406942161121269,-1.6722128164932772,0.47781114982899514,3,2112415.623877631,5053553.777777777,1866740.401662431,,,,224.32044267147225,863.5309376391937,198.23183871598548,0.009430054396763901,0.14583333333333334,0.008333333333333345,0.014383602360530863,3.558389275603824,0.012710780655258718,182.56380143595973,566.4634645865832,161.33152026020318
19.127390195102972,318.3753332705237,16.902863078629146,106,False,0.7782395370540566,2.4917342171207255,0.6877298054267897,0.0,0.10000000000000002,0.0,0.25115358539505256,2.3222222222222224,0.2219442706159795,0.251153585395053,3.3222222222222224,0.22194427061597985,0.0,0.10000000000000002,0.0,0.3857425947811697,-1.7368409604716553,0.34088049632879547,3,1404673.964351466,5712554.666666667,1241309.5277173126,,,,42.476486516407505,981.9477038225854,37.536445292567414,0.01530493640358891,0.14305555555555557,0.01352496298858494,0.0499738678107883,3.5387949936919743,0.044161876581130716,71.3973712204314,686.0425409403534,63.09381351053219
64.03051595282268,350.87863330004944,56.58372799241755,107,False,0.37676958938597027,2.0871299989973853,0.3329510569200837,0.0,0.10000000000000002,0.0,0.3208066992311802,2.6777777777777776,0.2834966849371794,0.3208066992311802,3.6777777777777776,0.2834966849371794,0.0,0.10000000000000002,0.0,1.9723170072515734,-2.4916118431770244,1.742935339383632,3,742030.1235473508,5612430.222222221,655731.5687401136,,,,3920.2604492564074,2896.093687356663,3464.3317739871886,0.02005907916684126,0.14444444444444443,0.01772619605613033,0.0681836192046575,3.5515402436256402,0.06025382280938562,3910.4344596019696,2613.1889322314723,3455.6485529075294
39.19565295285858,360.8242666814476,34.637174668463345,108,False,0.393781788765708,1.686558209418579,0.3479847271620212,0.0,0.10000000000000002,0.0,0.2263213055223335,2.6333333333333333,0.20000000000000018,0.2263213055223335,3.6333333333333333,0.20000000000000018,0.0,0.10000000000000002,0.0,0.24406046794140945,-1.4236559655314298,0.21567608703752875,3,633993.1247765807,5390336.0,560259.3386542819,,,,231.10670496356863,1160.7537216442804,204.2288545748629,0.020723447470851978,0.1480902777777778,0.018313297922194067,0.06293007596938523,3.5448698004086814,0.055611269848543095,258.03745939956536,815.1365636920758,228.02754588573399
39.17349282262713,365.5418778588582,34.61759177485966,109,False,0.7766204340480382,1.655526419672426,0.6862990050854063,0.0,0.10000000000000002,0.0,0.4588862523464753,3.0,0.4055175020198817,0.45888625234647473,3.9999999999999996,0.4055175020198812,0.0,0.10000000000000002,0.0,0.37452741260478173,-1.3062458661868348,0.33096964666265016,3,1841708.9068627208,5042631.111111111,1627517.0405297803,,,,121.54374002638286,956.965312701244,107.4081291161419,0.014828460693132576,0.14895833333333333,0.013103901693134506,0.023924074948099547,3.5460924559169347,0.021141690476629678,103.24754997050545,616.9379465183384,91.23979709485815
57.33035217247985,372.4497555974975,50.66279733599584,110,False,0.6311996234727957,2.1464757350795627,0.5577907232516464,0.0,0.10000000000000002,0.0,0.15704178888687592,2.522222222222222,0.13877773329774212,0.15704178888687564,3.522222222222222,0.13877773329774187,0.0,0.10000000000000002,0.0,0.3330265698170989,-1.5870175953403278,0.2942953771395914,3,1545765.662190741,5956494.222222221,1365992.1752600577,0.010472874394848697,0.11744791666666667,0.009254872731206685,118.70513183865081,1027.5594556010933,104.8996527876047,0.0035526042981709714,0.1559027777777778,0.003139434256948824,0.0348330669508083,3.5025005784299643,0.030781960072575654,116.05995812334858,704.5582362894769,102.56211438467142
88.54377556324046,386.974533334271,78.24608059668778,111,False,0.4446867745524404,2.1766770004384517,0.3929694321320171,0.0,0.10000000000000002,0.0,0.17825879369855574,2.1555555555555554,0.15752718754175374,0.17825879369855574,3.1555555555555554,0.15752718754175374,0.0,0.10000000000000002,0.0,0.34131131196771325,-1.6433325244400336,0.3016165987377912,3,807606.7084398759,5641557.333333333,713681.5569139437,,,,237.98045632626437,1109.9880484416155,210.3031844722021,0.0035850488464568404,0.1390625,0.0031681054845303274,0.02916693290233842,3.6353000587887236,0.025774800861123732,250.70115059165263,744.5238870552326,221.5444542554687
77.56924919661787,393.603599927802,68.54789832322116,112,False,0.7269403531138017,2.14603416926635,0.6423967477883494,0.0,0.10000000000000002,0.0,0.544008714527149,2.1666666666666665,0.480740170061865,0.5440087145271492,3.166666666666666,0.48074017006186504,0.0,0.10000000000000002,0.0,0.3338597937863492,-1.6050072311299497,0.29503169665429846,3,1000148.8536552779,5230136.888888888,883830.933501383,,,,102.95718106283579,1063.9802929935497,90.98319826780605,0.006153291143619657,0.15208333333333335,0.005437659640057575,0.04854238636105489,3.5261376937230424,0.04289687729489059,105.5362543011962,703.0612577193648,93.26232371948024
81.11055720446679,384.32454442631246,71.67735005528485,113,False,1.3112924946162936,2.1784876736819436,1.1587883797240608,0.0,0.10000000000000002,0.0,0.6504231481158542,2.255555555555556,0.5747785402834473,0.6504231481158542,3.255555555555556,0.5747785402834473,0.0,0.10000000000000002,0.0,0.609229618961588,-1.5960452430355385,0.5383758436312743,3,1955221.5787115677,4833280.0,1727828.119583401,,,,235.15105589058834,1013.6028123891332,207.80284502855497,0.010349144582799065,0.1532986111111111,0.009145532771573567,0.006209151119894137,3.5238615565829803,0.00548702306710706,162.34127579463018,651.4565750484879,143.46088665400563
97.65169255480781,397.1456333529204,86.29474130103192,114,False,1.197897114375465,2.070614103008196,1.0585809511930877,0.0,0.10000000000000002,0.0,0.6544213163240172,2.3666666666666667,0.5783117190965824,0.6544213163240173,3.3666666666666667,0.5783117190965826,0.0,0.10000000000000002,0.0,0.6655016914019571,-1.7498634204416952,0.5881034398118437,3,1780467.484444444,5566919.111111111,1573398.0327970034,,,,548.7581595482633,1429.112737875195,484.9372517375409,0.005622311600354552,0.15052083333333333,0.00496843334071325,0.0073379830223779,3.528511166572571,0.006484571132569568,573.0778290730658,1044.7702778984785,506.42852890092985
84.11576499750188,414.05453329854123,74.33305035367195,115,False,0.5179904289391452,1.8863733227977624,0.45774782691683447,0.0,0.10000000000000002,0.0,0.47162843713674585,2.511111111111111,0.4167777629669123,0.47162843713674585,3.511111111111111,0.4167777629669123,0.0,0.10000000000000002,0.0,0.27538618252685365,-1.4453281606024893,0.2433586019586465,3,1156864.1803743134,5526869.333333333,1022320.1723800189,,,,55.329331082842856,1004.2829984072156,48.894496216471296,0.01293055555555557,0.1486111111111111,0.011426724077711356,0.08191393131351657,3.5326728307538566,0.07238729126669281,56.856294722271215,609.0279715411988,50.24387305565508
107.48898994206527,409.5800666190269,94.98795501730463,116,False,0.37367598734393953,2.03017250983063,0.3302172426776367,0.0,0.10000000000000002,0.0,0.0871111111111111,2.6555555555555554,0.07698003589195009,0.08711111111111139,3.6555555555555554,0.07698003589195035,0.0,0.10000000000000002,0.0,0.26482809778607097,-1.5636988728363048,0.23402842889657846,3,2421159.0787420236,5109987.555555556,2139576.8048917553,,,,194.94023272010958,1097.2252358419794,172.2685650563932,0.00669405182689162,0.15416666666666665,0.00591552952687528,0.060766742896643376,3.4848076820373532,0.05369953372829668,116.20837694387461,704.0161589161021,102.69327200607475
125.48476606267378,405.47606669780276,110.89081142675803,117,False,0.6170882856301524,2.5990300439477028,0.5453205425852038,0.0,0.10000000000000002,0.0,0.2728747734315298,2.522222222222222,0.241139271269008,0.27287477343152916,3.522222222222222,0.24113927126900736,0.0,0.10000000000000002,0.0,0.38396451948175814,-1.8381587051780535,0.3393092122684567,3,1845582.8421148711,5004401.777777778,1630940.4347552685,,,,170.65293434126315,1077.2873664084045,150.80589425499156,0.018327678262924044,0.15937500000000002,0.016196158130693954,0.06718337265574849,3.474045881297853,0.05936990554264795,179.04536656959363,731.3470245632158,158.2222815093522
34.32663054960173,349.53765555595356,30.33442253293682,118,False,0.7608436429281278,2.518896499309666,0.6723570643710766,0.0,0.10000000000000002,0.0,0.13600217863178735,2.3666666666666667,0.12018504251546631,0.13600217863178762,3.3666666666666667,0.12018504251546656,0.0,0.10000000000000002,0.0,0.3482991066483394,-1.7475139966700741,0.30779170864580346,3,1421422.9816886433,4682183.111111111,1256110.624148355,,,,91.48607797019244,976.1314940304824,80.84619144366383,0.009600417541717062,0.15694444444444444,0.008483883140882375,0.05806796867655669,3.500763217608134,0.05131462859189504,68.49583749082646,635.2515285979202,60.52972991892477
55.976579106321246,366.66914445555045,49.46646890104431,119,False,0.8110389669486018,2.5614447950953148,0.7167146416699763,0.0,0.10000000000000002,0.0,0.5991857849934956,1.9222222222222223,0.5295001136641713,0.5991857849934956,2.922222222222222,0.5295001136641713,0.0,0.10000000000000002,0.0,0.45262395188841437,-1.7538713711239424,0.3999835109149718,3,539085.8351869562,3888469.3333333335,476389.8245839338,,,,182.68663778338902,946.2979471525697,161.44007066569486,0.005149337163685125,0.1564236111111111,0.00455046611877819,0.030568457425449648,3.5005727926890056,0.027013327229533115,118.85060384998738,594.9353979121014,105.02820631552008
65.11522145285424,365.6224666887687,57.54228158287881,120,False,1.1074862881438516,2.7981653275626623,0.9786849590566411,0.0,0.10000000000000002,0.0,0.4686019132338446,1.9111111111111112,0.4141032256352048,0.4686019132338446,2.9111111111111114,0.4141032256352048,0.0,0.10000000000000002,0.0,0.507536483448597,-1.8810681171170263,0.4485096816468421,3,1075588.5116304923,4054129.777777778,950496.9133578576,0.007145833333333332,0.11536458333333333,0.00631476856926153,124.40523939151525,963.9709066713905,109.93683436422117,0.017105517156952306,0.15017361111111113,0.015116135104889045,0.04783092663901427,3.507051211595536,0.04226816077136346,35.97680993207331,626.4952286389566,31.7926850492855
67.14090475256374,423.7672110385676,59.332376682440355,121,False,0.9989347589279622,2.9872162679820686,0.8827580387294892,0.0,0.10000000000000002,0.0,0.9177725046929498,2.033333333333333,0.8110350040397627,0.9177725046929497,3.033333333333333,0.8110350040397626,0.0,0.10000000000000002,0.0,0.4697080714248156,-2.06137232225259,0.4150807369555978,3,1180481.6465398523,4110563.555555556,1043190.9128620352,,,,142.0829186857722,1135.5283765231106,125.55858880175249,0.010808842063043894,0.13246527777777775,0.009551767155193687,0.05674381219519578,3.602713341183133,0.050144472314910996,82.09016742263334,728.1685594889026,72.5430310091002
100.79204677687157,395.49248887407083,89.06987041653085,122,False,1.4052644710085476,2.232824868243093,1.2418313580909213,0.0,0.10000000000000002,0.0,0.7375564594417143,2.4555555555555553,0.6517781944916649,0.7375564594417142,3.4555555555555557,0.6517781944916647,0.0,0.10000000000000002,0.0,0.9022086475768358,-1.6691724194947863,0.7972812329750424,3,1199890.9091512484,4653056.0,1060342.8664234562,,,,401.4016462075329,1105.5199707464797,354.71839054756845,0.01303756887462129,0.15746527777777775,0.011521291682664624,0.08453023509271916,3.4825116799937352,0.07469931732465881,297.26185045474364,713.7706930032273,262.69011639773345
88.2403509127422,404.9743666611094,77.97794441764094,123,False,0.9486937840926751,2.338010189305212,0.8383601198333123,0.0,0.10000000000000002,0.0,0.304888888888889,2.4555555555555557,0.26943012562182544,0.30488888888888926,3.4555555555555557,0.26943012562182567,0.0,0.10000000000000002,0.0,0.4393861216249619,-1.7333416173315133,0.38828524836483275,3,958895.4619760797,4261660.444444445,847375.3363723472,,,,69.95388286198762,1128.6730453578148,61.818203726369546,0.011367518907444625,0.15937499999999996,0.010045469542700991,0.03050555142835382,3.4601807680394914,0.026957737238170486,124.00003617957019,756.4958321765263,109.57875653234414
24.18285256392359,358.8047778078665,21.37037209829742,124,False,0.9264333164880929,2.0054211228413896,0.8186885581540381,0.0,0.10000000000000002,0.0,0.5871928616648231,2.7111111111111117,0.5189019746149167,0.5871928616648228,3.711111111111111,0.5189019746149165,0.0,0.10000000000000002,0.0,0.44509448264673956,-1.4318475563512376,0.39332972352690654,3,531594.6998261291,3910314.6666666665,469769.912823052,,,,38.02974787414474,858.2739898610856,33.60686505972101,0.011524319678776797,0.16319444444444445,0.010184034288932272,0.07889637088712642,3.4537213000986315,0.06972067495372498,32.211748560572694,544.4337547131805,28.46550260589059
26.42236923662471,346.0944777600364,23.349431619479024,125,False,0.5445067568252369,2.090866440143978,0.48118028973768456,0.0,0.10000000000000002,0.0,0.2929900348029389,2.477777777777778,0.2589151155051346,0.29299003480293867,3.477777777777778,0.25891511550513435,0.0,0.10000000000000002,0.0,0.2687829734040514,-1.5329319953846436,0.2375233500741078,3,1339186.9760365332,4627569.777777777,1183438.7159845917,,,,13.777646235247772,974.9975506253095,12.175297595999595,0.03385892131853788,0.1527777777777778,0.029921108169992147,0.10086013822847559,3.4914403054449292,0.08913004279088763,4.257045503152217,725.1394084486279,3.761948521220538
79.32460517432838,404.0765444903324,70.09910533279479,126,False,0.22079626385052084,1.9732889879390942,0.195117524035962,0.0,0.10000000000000002,0.0,0.5871928616648225,2.6555555555555554,0.5189019746149163,0.5871928616648228,3.6555555555555554,0.5189019746149165,0.0,0.10000000000000002,0.0,0.09475951462594481,-1.6068210514903567,0.08373892542484825,3,1522111.7019195699,4307171.555555556,1345089.1849590964,,,,195.38529900582333,1240.3531150416193,172.66186986230755,0.011524319678776812,0.15451388888888892,0.010184034288932286,0.07576236254198573,3.4980950680043965,0.06695115368580226,213.46493347459258,867.5040802198573,188.6388318430126
66.08248281674673,368.5028443966682,58.39704986168502,127,False,1.3486764282019872,2.567976450036354,1.19182453908998,0.0,0.10000000000000002,0.0,0.836958278825072,2.6444444444444444,0.7396195218063385,0.8369582788250717,3.6444444444444444,0.7396195218063383,0.0,0.10000000000000002,0.0,0.5924548725294749,-1.6965012431964965,0.5235520104146905,3,1203138.5528878535,3548046.222222222,1063212.807217682,,,,212.06495370821824,825.0260363566391,187.40167057519182,0.022313506089638762,0.16336805555555556,0.01971843175625096,0.07131940847139812,3.4741941524876485,0.06302491787664272,162.95788063597715,497.8873563244285,144.0057799771719
23.715095419282658,364.2343999623942,20.95701539415383,128,False,1.3671490219679348,2.531910512989808,1.2081487589625317,0.0,0.10000000000000002,0.0,0.6803595273234241,2.522222222222222,0.6012333003763859,0.6803595273234245,3.522222222222222,0.6012333003763862,0.0,0.10000000000000002,0.0,0.8384206838096293,-1.776664814812151,0.7409118482014891,3,1632411.0560017733,4023182.222222222,1442560.6570572627,,,,319.05727253329843,1021.4191166344939,281.9507176285831,0.013349128014593297,0.1729166666666667,0.011796616305110532,0.06094400380557096,3.4280869364738464,0.053856179085673424,326.75729968796935,766.0212594741316,288.75522694059845
55.346025334745235,396.71017772181784,48.90924891672093,129,False,1.275129260820796,2.5752547668427535,1.1268309520200843,0.0,0.10000000000000002,0.0,0.27287477343152955,2.2222222222222223,0.24113927126900775,0.2728747734315297,3.222222222222222,0.2411392712690079,0.0,0.10000000000000002,0.0,0.5984408122824196,-1.742893682268269,0.5288417817326224,3,1373762.98295541,4378168.888888889,1213993.5122633406,,,,179.6722406475857,910.5325976937843,158.77624975069412,0.01112557435401831,0.15902777777777777,0.009831663288033166,0.03015993905690925,3.461709229813682,0.02665231979578969,104.7762150831551,552.2956784348006,92.59067752489243
19.089386078779377,370.23302218747426,16.869278864155053,130,False,1.5200490511253482,2.534904692363058,1.3432664217071248,0.0,0.10000000000000002,0.0,0.35048016445872116,2.3777777777777778,0.3097191081059188,0.35048016445872127,3.3777777777777778,0.3097191081059189,0.0,0.10000000000000002,0.0,0.754298239379728,-1.7539314002183843,0.6665728952374694,3,257297.26691225774,4825998.222222223,227373.4382350209,0.007923797501216067,0.12682291666666667,0.007002255031119153,34.80140074124267,972.9581080737098,30.753976662447695,0.014303814281836158,0.17395833333333335,0.012640271978657937,0.09325671456980239,3.418184023433261,0.08241090192951353,68.29134967960157,659.9629043371658,60.34902416455228
66.12986864777707,382.18655549765873,58.43892469173778,131,False,1.1182230283223993,2.178196940530403,0.9881730098203709,0.0,0.10000000000000002,0.0,0.27287477343153,2.6222222222222222,0.24113927126900814,0.2728747734315297,3.6222222222222222,0.2411392712690079,0.0,0.10000000000000002,0.0,0.5406148676031788,-1.6282844003000985,0.477741029599912,3,555531.5990788436,5075399.111111111,490922.93612986774,,,,76.15226816263305,1078.3718600697944,67.29571304555627,0.016673611111111125,0.16059027777777776,0.014734459994943588,0.056321596435475844,3.535105187363095,0.04977136050491547,166.44607300694128,730.4574739324038,147.08829345323517
69.41895377765746,398.96384441655954,61.34548721998886,132,False,0.8715098064283784,2.496586037735724,0.7701526857288105,0.0,0.10000000000000002,0.0,0.2395555555555553,2.6111111111111107,0.21169509870286254,0.2395555555555553,3.6111111111111107,0.21169509870286254,0.0,0.10000000000000002,0.0,0.3995132869085242,-1.759686884190203,0.35304964858388055,3,737305.4408340419,4940686.222222222,651556.3695007802,,,,72.496110402094,1022.787730644682,64.06476865691296,0.015304936403588931,0.18159722222222222,0.013524962988584957,0.05205548564270718,3.3928025192684594,0.046001400992776054,94.34607759753074,645.8215049635952,83.37357137436688
52.1706742817256,359.0607444380617,46.1031931229978,133,False,0.09782943005000001,1.8617912950329807,0.08645180781740078,0.0,0.10000000000000002,0.0,0.4864787054581089,2.3111111111111113,0.4299009360478467,0.48647870545810884,3.3111111111111113,0.4299009360478466,0.0,0.10000000000000002,0.0,0.0871283483594305,-1.5275610004313378,0.07699526843780308,3,637267.8889206743,5248341.333333333,563153.2457361058,,,,189.21182190994574,1193.330705829695,167.20637190852045,0.0076619191973706586,0.1734375,0.006770833333333333,0.06881520942933378,3.40030808713701,0.06081195870668316,205.6529209276034,863.8749832981351,181.73536110793566
8.476594415948776,304.720399940076,7.490761328356078,134,False,0.43787430668743776,2.0228320720895723,0.3869492584243055,0.0,0.10000000000000002,0.0,0.39978685679271336,2.255555555555555,0.3532914021241032,0.3997868567927133,3.255555555555555,0.35329140212410315,0.0,0.10000000000000002,0.0,0.5003742204374884,-1.6338313765437815,0.44218039418132604,3,758171.0336573807,5321159.111111111,669995.2811844881,,,,564.0283533175211,1244.8306809979908,498.43151268130435,0.006694051826891648,0.17395833333333333,0.005915529526875305,0.015829474036471333,3.4462230457199943,0.013988496575643238,557.8786153401281,951.1858072076225,492.99699297207957
44.86205237591747,344.37766666006706,39.64456839127812,135,False,0.4887544655713846,2.070030703459064,0.4319120238754141,0.0,0.10000000000000002,0.0,0.29299003480293834,2.444444444444444,0.2589151155051341,0.2929900348029385,3.444444444444444,0.25891511550513424,0.0,0.10000000000000002,0.0,0.3959350230492108,-1.673370394980136,0.349887538988361,3,168267.75197159773,4738616.888888888,148698.11004602315,,,,745.1680812703938,1276.7100865012083,658.5045800708859,0.01720675408635433,0.1642361111111111,0.015205598117810762,0.05226899580785029,3.4573768489890626,0.04619007979581702,830.0087386999838,985.6308393856624,733.4782174257817
15.33870178252877,329.68156672238064,13.554801433411802,136,False,0.45970660094967525,2.04357710490159,0.4062424435814431,0.0,0.10000000000000002,0.0,0.6270336199071206,2.5444444444444443,0.554109228435186,0.6270336199071203,3.5444444444444443,0.5541092284351857,0.0,0.10000000000000002,0.0,0.26960827531492887,-1.598543285028389,0.23825266887065036,3,345255.82370655733,3954005.3333333335,305102.36136163294,,,,99.71250974851041,1153.5094651551879,88.11588420134031,0.013366464551787697,0.17326388888888888,0.011811936592481965,0.05594309337648602,3.4368304477797618,0.04943687758196108,96.67291583856063,830.5324648772681,85.42979691235563
46.226032933596464,352.99334444829987,40.84991718027616,137,False,0.367905551062111,2.0572214930174844,0.3251179116460215,0.0,0.10000000000000002,0.0,0.42003456647880416,3.0333333333333337,0.37118429085533466,0.42003456647880366,4.033333333333333,0.3711842908553342,0.0,0.10000000000000002,0.0,0.225657723523308,-1.5753605562909934,0.1994135929911735,3,52802.63050657697,3904853.3333333335,46661.652454427385,,,,382.84146545285216,1093.4996195645022,338.3167701063597,0.010695770119855341,0.18090277777777775,0.009451845547789037,0.05704519190577602,3.378710492451986,0.05041080138179639,321.0896800078028,760.3437306750516,283.74675487732003
57.82294647724694,367.5180444713785,51.09810262343241,138,False,0.17115765015839005,1.8938399543286504,0.15125191131552596,0.0,0.10000000000000002,0.0,0.46860191323384476,2.911111111111111,0.414103225635205,0.4686019132338451,3.9111111111111114,0.4141032256352053,0.0,0.10000000000000002,0.0,0.1097410652097033,-1.466117577634919,0.09697811256119154,3,379022.541976494,4187022.2222222225,334941.989753671,,,,171.3596681274882,1038.3952009411876,151.43043447191363,0.009262808636833235,0.17135416666666667,0.00818553835703213,0.018596403947211192,3.4270783265431723,0.016433630854410308,167.17636838013937,683.3689676013502,147.73365503023086
116.7914381575159,436.3862667103401,103.2085228458449,139,False,0.2963477983927549,2.016632123964573,0.2618823691466479,0.0,0.10000000000000002,0.0,0.3288372331806815,2.733333333333333,0.2905932629027115,0.328837233180682,3.733333333333334,0.290593262902712,0.0,0.10000000000000002,0.0,0.2605810168461081,-1.5394679011059476,0.23027528605378614,3,296214.3784163655,4392732.444444445,261764.46599468307,,,,303.2160043048543,1062.303678247322,267.95179853266893,0.009262808636833233,0.17864583333333336,0.008185538357032127,0.042643758096220695,3.395498224099477,0.037684263085883116,239.36069002652687,633.6532688804668,211.52289615341303
38.87980016772349,416.88618892415735,34.358055754399,140,False,0.11678601382910091,2.056283957689081,0.10320372937012465,0.0,0.10000000000000002,0.0,0.1131606527611665,2.5666666666666664,0.09999999999999987,0.1131606527611665,3.5666666666666664,0.09999999999999987,0.0,0.10000000000000002,0.0,0.44798335648564974,-1.7294846581976628,0.3958826195808091,3,1018351.4986703035,5293852.444444445,899916.5998269774,0.013300247850395285,0.13776041666666666,0.01175342093374662,780.1588807824555,1402.685358706244,689.4259283118794,0.004727289968632223,0.17013888888888887,0.004177503269276375,0.01502047579350071,3.4195522513654493,0.01327358532051106,747.4000790838472,1000.9820844744713,660.4769951807247
117.7018526910682,432.29038891149685,104.01305561526412,141,False,0.5833160334347781,2.4182506997177784,0.5154760238666233,0.0,0.10000000000000002,0.0,0.6015556786930877,2.388888888888889,0.5315943872846972,0.6015556786930881,3.3888888888888893,0.5315943872846977,0.0,0.10000000000000002,0.0,0.38847228464120137,-1.7869350652289253,0.3432927215974079,3,928020.9315877868,4571135.999999999,820091.5326517591,,,,314.78838604445406,1155.6194307400726,278.17830523551027,0.006831028715933004,0.1638888888888889,0.006036575920386709,0.028657721738015268,3.4821043815877704,0.025324811265006894,335.7476092145598,770.0672862988364,296.6999579996929
109.47223280320073,410.0768222577042,96.74054552711834,142,False,0.7951896381456796,2.258835756777621,0.7027085994492998,0.0,0.10000000000000002,0.0,0.7166841341540553,2.5,0.6333333333333332,0.7166841341540552,3.5,0.6333333333333331,0.0,0.10000000000000002,0.0,0.3666270684361213,-1.6600057618494766,0.3239881173272418,3,1406023.7634194305,5000760.888888889,1242502.344332478,,,,62.67530298150449,1061.175766921332,55.3861271141525,0.008342012262978236,0.18263888888888888,0.007371831161653536,0.038131729292961436,3.354931030008528,0.03369698597748554,74.45916893887876,702.5395389546643,65.79952229157777
63.92065351739485,408.0780889036962,56.486642625068434,143,False,0.45932186177073486,2.5287263307662275,0.40590244980308243,0.0,0.10000000000000002,0.0,0.498040208600386,2.1444444444444444,0.44011782934085236,0.49804020860038606,3.144444444444444,0.4401178293408524,0.0,0.10000000000000002,0.0,0.21821123143061205,-1.8718029225715744,0.19283313245917896,3,217740.05955380318,5454051.555555555,192416.75815829603,,,,217.5005858116467,1214.8795143769214,192.20513535804415,0.014472810355398593,0.17916666666666667,0.012789613706050685,0.0727650704127894,3.3710232423411477,0.06430244845473372,135.03282118530436,832.7250928254102,119.3284219297501
91.60206126563722,385.6782222735799,80.94868581128608,144,False,0.439689091915335,2.425265250318534,0.3885529830261134,0.0,0.10000000000000002,0.0,0.6917658920348101,2.077777777777778,0.6113130979323967,0.69176589203481,3.077777777777778,0.6113130979323966,0.0,0.10000000000000002,0.0,0.19158526245471105,-1.696576891098286,0.16930377987396814,3,377052.44323066145,5164600.888888889,333201.01469055377,,,,179.00535330896636,967.8885318780376,158.18692181527928,0.01947625869559597,0.1802083333333333,0.017211157960269067,0.0627452250172287,3.3480499552355876,0.0554479171745826,72.75248654682295,613.648740234508,64.29132810003499
70.72463621945843,381.4231221525309,62.49931799945308,145,False,0.30218705919096017,2.812043319785191,0.2670425203615136,0.0,0.10000000000000002,0.0,0.5599049302017242,2.0777777777777775,0.494787646182496,0.5599049302017242,3.0777777777777775,0.494787646182496,0.0,0.10000000000000002,0.0,0.1220718888048046,-1.9129367458450328,0.10787485387031633,3,645880.0077037823,4995299.555555555,570763.7698652698,,,,106.29505352247386,1013.8301719048751,93.93287412968259,0.011125574354018357,0.17795138888888887,0.009831663288033208,0.051993056187268814,3.3653981718752117,0.045946232120986204,19.66653131657725,661.7836496510839,17.37930175967155
42.571786970044805,382.637433293793,37.6206622454675,146,False,0.7172835721015559,2.3595500463646037,0.6338630562828514,0.0,0.10000000000000002,0.0,0.7696526713835932,2.6555555555555554,0.6801415974579063,0.7696526713835931,3.655555555555555,0.6801415974579061,0.0,0.10000000000000002,0.0,0.3111862938093814,-1.6943890226244858,0.27499513851882906,3,238474.24222497316,4456448.0,210739.54277048,,,,161.4081491078671,1029.2279988843675,142.63628316861173,0.015774361731624,0.1829861111111111,0.013939793865379052,0.0248670007009035,3.35749908818139,0.021974953390722318,213.7857480833249,685.1601329836325,188.92233551757116
22.32296728324184,328.76282225414695,19.72679260728197,147,False,0.4576155998844482,2.6869015719280953,0.404394627212232,0.0,0.10000000000000002,0.0,0.41720220398788127,2.6888888888888887,0.36868133384526797,0.4172022039878815,3.6888888888888887,0.3686813338452682,0.0,0.10000000000000002,0.0,0.23747838060630372,-1.8101168332426454,0.20985950046392732,3,1383017.6863555477,4465550.222222223,1222171.888027636,,,,144.87099530700368,933.3320945571951,128.02241041571568,0.01702409416155833,0.1769097222222222,0.015044181653395772,0.04736685421283313,3.3897355688942805,0.04185806025068107,147.67903376996853,633.4403633229864,130.50387229707422
24.957367205219477,358.1854110687143,22.05481021560888,148,False,0.4587992458954045,2.267616991888971,0.4054406144720037,0.0,0.10000000000000002,0.0,0.24734800795041179,2.8333333333333335,0.2185812841433999,0.24734800795041179,3.8333333333333335,0.2185812841433999,0.0,0.10000000000000002,0.0,0.24959285769040085,-1.642900702436398,0.22056505649289931,3,1478245.4451645024,4638492.444444444,1306324.6005521382,,,,148.41790662704736,1018.1844129838256,131.15681379135694,0.03056255207145456,0.1723958333333333,0.027008108671800375,0.08805786381984779,3.385611057281494,0.07781668068467223,99.98326067312667,708.5468348999792,88.35514662870337
30.084571051411267,318.78368888929896,26.58571713518375,149,False,0.38982032419895735,2.6589375339699397,0.3444839833344723,0.0,0.10000000000000002,0.0,0.5674772416168659,2.744444444444445,0.5014792931731895,0.5674772416168652,3.744444444444445,0.501479293173189,0.0,0.10000000000000002,0.0,0.2181536828783488,-1.8140963453257035,0.1927822768385555,3,1148935.5191068237,4310812.444444445,1015313.6192416026,,,,71.88461892167679,969.2551566814676,63.52439400768942,0.02452834009044626,0.18177083333333333,0.02167567921529669,0.08513356384518717,3.3656668484210965,0.0752324785761597,48.184341182986635,661.4016719741229,42.580472988860365
12.72392745998601,308.5526444612899,11.244126955365603,150,False,0.41491798949659425,2.1383884536419244,0.3666627748889954,0.0,0.10000000000000002,0.0,0.5662222222222222,2.8555555555555556,0.5003702332976756,0.566222222222222,3.8555555555555556,0.5003702332976754,0.0,0.10000000000000002,0.0,0.18825937073808754,-1.54486479748621,0.1663646913874047,3,783343.9889018921,4077795.5555555555,692240.6064192591,0.011042000781108464,0.15078125,0.009757809372497494,117.56373842288583,951.3411413304958,103.89100412049778,0.012376946395752602,0.18072916666666664,0.0109375,0.07507592972550106,3.3977586719724875,0.06634455342348898,125.54039277983219,648.4935024379641,110.93996872286857
